請求日：2024-10-01～2025-02-28 請求書確認一覧表,,,,,,,
受注番号,発注者コード,変換後発注者名,変換後発注者名（ｶﾅ）,請求日,入金予定日,請求額,
,,,,,合計,"429,074,892",
240579,1000000126,株式会社未来創造,ｶ)ﾐﾗｲｿｳｿﾞｳ,2024/10/1,,"1,949,750",
240621,1000000419,株式会社光輝,ｶ)ｺｳｷ,2024/10/1,2024/11/11,"256,300",
240624,1000000717,株式会社青葉,ｶ)ｱｵﾊﾞ,2024/10/1,2024/12/5,"66,000",
240602,53101203,株式会社未来研究所,ｶ)ﾐﾗｲｹﾝｷｭｳｼﾞｮ,2024/10/2,2024/10/16,"94,600",
240272,1000000226,廿日市建設株式会社,ﾊﾂｶｲﾁｹﾝｾﾂ(ｶ,2024/10/2,2024/11/11,"1,083,500",
240291,1000000412,鳥取建設株式会社,ﾄﾂﾄﾘｹﾝｾﾂ(ｶ,2024/10/2,2024/10/21,"455,400",
240066,1000000373,株式会社海風,ｶ)ｳﾐｶｾﾞ,2024/10/3,2024/11/29,"24,200",
240098,33101004,兵庫県生活環境部,ﾋﾖｳｺﾞｹﾝｾｲｶﾂｶﾝｷﾖｳ,2024/10/3,2024/10/24,"1,045,000",
240104,1000000015,株式会社未来技術,ｶ)ﾐﾗｲｷﾞｼﾞｭﾂ,2024/10/3,2024/10/30,"33,000",
240631,1000000127,株式会社南部組,ｶ)ﾅﾝﾌﾞｸﾐ,2024/10/3,2024/11/15,"84,700",
240585,1000000683,株式会社星空,ｶ)ﾎｼｿﾞﾗ,2024/10/3,2024/10/30,"72,600",
240622,1000000358,株式会社彩雲,ｶ)ｻｲｳﾝ,2024/10/4,2024/12/25,"434,500",
240609,1000000016,株式会社海士建築設計事務所,ｶ)ｱﾏｹﾝﾁｸｾﾂｹｲｼﾞﾑｼﾖ,2024/10/4,2025/1/21,"460,900",
240612,1000000443,株式会社未来企画,ｶ)ﾐﾗｲｷｶｸ,2024/10/4,2024/10/8,"132,000",
240616,1000000251,株式会社光明,ｶ)ｺｳﾒｲ,2024/10/4,2024/10/31,"121,000",
240632,1000000174,美祢建設株式会社,ﾐﾈｹﾝｾﾂ(ｶ,2024/10/7,2024/10/31,"115,500",
240082,1000000678,株式会社未来発展,ｶ)ﾐﾗｲﾊｯﾃﾝ,2024/10/7,2024/10/15,"5,555",
240121,1000000159,株式会社未来開発,ｶ)ﾐﾗｲｶｲﾊﾂ,2024/10/7,2024/11/15,"7,700",
240187,1000000312,株式会社青空,ｶ)ｱｵｿﾞﾗ,2024/10/7,2024/10/10,"15,015",
240583,1000000776,株式会社未来設計,ｶ)ﾐﾗｲｾｯｹｲ,2024/10/8,2024/11/29,"199,760",
240582,53101386,福崎町,ﾌｸｻｷﾁﾖｳ,2024/10/9,2024/10/25,"181,500",
240596,1000000161,株式会社星野,ｶ)ﾎｼﾉ,2024/10/10,2024/11/25,"99,000",
240637,1000000213,スターリンク株式会社,ｽﾀｰﾘﾝｸ(ｶ,2024/10/10,2024/12/2,"308,000",
240621,1000000419,株式会社光輝,ｶ)ｺｳｷ,2024/10/10,2024/11/11,"6,600",
240643,1000000174,美祢建設株式会社,ﾐﾈｹﾝｾﾂ(ｶ,2024/10/10,2024/11/29,"73,700",
240649,1000000600,イノベーション株式会社,ｲﾉﾍﾞｰｼｮﾝ(ｶ,2024/10/10,2024/10/31,"33,000",
240654,1000000305,プログレス株式会社,ﾌﾟﾛｸﾞﾚｽ(ｶ,2024/10/10,2024/11/25,"138,600",
240660,1000000128,フューチャー株式会社,ﾌｭｰﾁｬｰ(ｶ,2024/10/10,2024/11/20,"29,700",
240207,1000000213,スターリンク株式会社,ｽﾀｰﾘﾝｸ(ｶ,2024/10/10,2024/12/2,"33,000",
240207,1000000213,スターリンク株式会社,ｽﾀｰﾘﾝｸ(ｶ,2024/10/10,2024/12/2,"66,000",
240283,00509099,エコロジー株式会社,ｴｺﾛｼﾞｰ(ｶ,2024/10/10,2024/11/13,"2,229,900",
240137,1000000229,大山テック株式会社,ﾀﾞｲｾﾝﾃﾂｸ(ｶ,2024/10/10,2024/11/15,"9,900",
240006,1000000127,株式会社南部組,ｶ)ﾅﾝﾌﾞｸﾐ,2024/10/11,2024/11/15,"92,400",
240006,1000000127,株式会社南部組,ｶ)ﾅﾝﾌﾞｸﾐ,2024/10/11,2024/11/15,"132,000",
240084,1000000159,株式会社未来開発,ｶ)ﾐﾗｲｶｲﾊﾂ,2024/10/15,2024/11/15,"16,500",
240663,1000000127,株式会社南部組,ｶ)ﾅﾝﾌﾞｸﾐ,2024/10/15,2024/11/15,"60,500",
240650,1000000098,テクノロジー株式会社,ﾃｸﾉﾛｼﾞｰ(ｶ,2024/10/15,2024/11/5,"95,700",
240611,1000000112,デジタル株式会社,ﾃﾞｼﾞﾀﾙ(ｶ,2024/10/15,2024/10/31,"726,000",
240607,1000000218,坂町株式会社,ｻｶﾁﾖｳ(ｶ,2024/10/16,2024/11/20,"811,800",
240073,1000000021,グリーン株式会社,ｸﾞﾘｰﾝ(ｶ,2024/10/16,2024/11/11,"26,400",
240042,1000000399,インサイト株式会社,ｲﾝｻｲﾄ(ｶ,2024/10/16,2024/12/2,"99,000",
240238,1000000215,有限会社丸亀商事,ﾕ)ﾏﾙｶﾞﾒｼﾖｳｼﾞ,2024/10/17,2024/11/29,"86,900",
240199,1000000433,久米南建設,ｸﾒﾅﾝｹﾝｾﾂ,2024/10/17,2024/12/2,"519,200",
240199,1000000433,久米南建設,ｸﾒﾅﾝｹﾝｾﾂ,2024/10/17,2024/12/2,"268,400",
240015,1000000058,美咲株式会社,ﾐｻｷ(ｶ,2024/10/18,2024/11/29,"100,100",
240649,1000000600,イノベーション株式会社,ｲﾉﾍﾞｰｼｮﾝ(ｶ,2024/10/18,2024/11/29,"33,000",
240564,1000000152,安芸太田建設,ｱｷｵｳﾀｹﾝｾﾂ,2024/10/18,2024/11/20,"2,200,000",
240487,35131201,ダイナミック株式会社,ﾀﾞｲﾅﾐｯｸ(ｶ,2024/10/18,2024/11/5,"594,000",
240683,1000000786,エンライトン株式会社,ｴﾝﾗｲﾄﾝ(ｶ,2024/10/18,2024/11/20,"33,000",
240578,1000000425,浜田技研株式会社,ﾊﾏﾀﾞｷﾞｹﾝ(ｶ,2024/10/20,2024/11/11,"580,800",
240574,1000000333,瀬戸内工業株式会社,ｾﾄｳﾁｺｳｷﾞﾖｳ(ｶ,2024/10/20,2024/12/2,"501,600",
240656,1000000784,株式会社鏡野土木,ｶ)ｶｶﾞﾐﾉﾄﾞﾎﾞｸ,2024/10/20,2024/12/2,"59,400",
240613,1000000331,株式会社熊野組,ｶ)ｸﾏﾉｸﾞﾐ,2024/10/20,2024/11/15,"110,000",
240634,1000000518,ソリューションズ株式会社,ｿﾘｭｰｼｮﾝｽﾞ(ｶ,2024/10/20,2024/11/29,"69,300",
240022,1000000589,雲南工事株式会社,ｳﾝﾅﾝｺｳｼﾞ(ｶ,2024/10/20,2024/11/20,"7,700",
240022,1000000589,雲南工事株式会社,ｳﾝﾅﾝｺｳｼﾞ(ｶ,2024/10/20,2024/11/20,"8,800",
240045,1000000338,日吉津土建株式会社,ﾋｴﾂﾞﾄﾞｹﾝ(ｶ,2024/10/20,2024/11/15,"50,600",
240005,1000000388,北栄テクノ株式会社,ﾎｸｴｲﾃｸﾉ(ｶ,2024/10/20,2024/11/15,"77,000",
240005,1000000388,北栄テクノ株式会社,ﾎｸｴｲﾃｸﾉ(ｶ,2024/10/20,2024/11/15,"132,000",
240005,1000000388,北栄テクノ株式会社,ﾎｸｴｲﾃｸﾉ(ｶ,2024/10/20,2024/11/15,"26,400",
240003,1000000056,アドバンスド株式会社,ｱﾄﾞﾊﾞﾝｽﾄﾞ(ｶ,2024/10/20,2024/11/15,"216,865",
240366,1000000380,株式会社江府テック,ｶ)ｺｳﾌﾃﾂｸ,2024/10/20,2024/11/20,"52,800",
240163,1000000084,有限会社津山土建,ﾕ)ﾂﾔﾏﾄﾞｹﾝ,2024/10/20,2024/11/25,"26,400",
240127,1000000437,イージス株式会社,ｲｰｼﾞｽ(ｶ,2024/10/20,2024/11/15,"37,950",
240097,33117102,兵庫県豊岡県土整備事務所,ﾋﾖｳｺﾞｹﾝﾎｸﾌﾞｿｳｺﾞｳﾄﾖｵｶｹﾝﾄﾞ,2024/10/21,2024/11/8,"13,296,800",
240360,1000000082,ライフ株式会社,ﾗｲﾌ(ｶ,2024/10/21,2024/11/20,"33,000",
240642,1000000314,株式会社若桜設計事務所,ｶ)ﾜｶｻｾﾂｹｲｼﾞﾑｼﾖ,2024/10/21,2024/11/5,"407,000",
240666,1000000225,株式会社海田設計,ｶ)ｶｲﾀｾﾂｹｲ,2024/10/21,2024/11/14,"110,000",
240633,1000000388,北栄テクノ株式会社,ﾎｸｴｲﾃｸﾉ(ｶ,2024/10/22,2024/11/15,"748,000",
240451,1000000601,株式会社豊穣,ｶ)ﾎｳｼﾞｮｳ,2024/10/22,2024/12/10,"865,700",
240187,1000000312,株式会社青空,ｶ)ｱｵｿﾞﾗ,2024/10/22,2024/10/24,"15,015",
240207,1000000213,スターリンク株式会社,ｽﾀｰﾘﾝｸ(ｶ,2024/10/22,2024/12/2,"60,500",
240470,33117102,兵庫県豊岡県土整備事務所,ﾋﾖｳｺﾞｹﾝﾎｸﾌﾞｿｳｺﾞｳﾄﾖｵｶｹﾝﾄﾞ,2024/10/23,2024/11/29,"3,454,000",
240529,53101386,福崎町,ﾌｸｻｷﾁﾖｳ,2024/10/23,2024/11/5,"6,520,800",
240682,1000000263,株式会社未来創造研究所,ｶ)ﾐﾗｲｿｳｿﾞｳｹﾝｷｭｳｼﾞｮ,2024/10/23,2024/12/27,"33,000",
240689,1000000119,株式会社星辰,ｶ)ｾｲｼﾝ,2024/10/23,2024/10/31,"33,000",
240665,1000000297,株式会社緑風,ｶ)ﾘｮｸﾌｳ,2024/10/24,2024/11/29,"63,800",
240684,1000000118,株式会社小野田建築,ｶ)ｵﾉﾀﾞｹﾝﾁｸ,2024/10/24,2024/11/29,"33,000",
240538,1000000436,株式会社未来システム,ｶ)ﾐﾗｲｼｽﾃﾑ,2024/10/24,2024/11/11,"1,155,000",
240625,1000000427,株式会社青嵐,ｶ)ｾｲﾗﾝ,2024/10/24,2024/10/29,"946,000",
240601,1000000779,株式会社未来開拓,ｶ)ﾐﾗｲｶｲﾀｸ,2024/10/24,2024/11/29,"1,573,000",
240651,53101203,株式会社未来研究所,ｶ)ﾐﾗｲｹﾝｷｭｳｼﾞｮ,2024/10/24,2024/11/13,"158,400",
240197,1000000147,株式会社未来工学,ｶ)ﾐﾗｲｺｳｶﾞｸ,2024/10/24,2024/11/29,"63,800",
240121,1000000159,株式会社未来開発,ｶ)ﾐﾗｲｶｲﾊﾂ,2024/10/25,2024/12/16,"31,900",
240081,1000000171,株式会社未来コミュニケーションズ,ｶ)ﾐﾗｲｺﾐｭﾆｹｰｼｮﾝｽﾞ,2024/10/25,2024/10/29,"7,700",
240065,1000000619,株式会社未来エネルギー,ｶ)ﾐﾗｲｴﾈﾙｷﾞｰ,2024/10/25,2024/11/29,"30,800",
230532,1000000138,株式会社星雲,ｶ)ｾｲｳﾝ,2024/10/25,2024/11/22,"1,881,000",
240607,1000000218,坂町株式会社,ｻｶﾁﾖｳ(ｶ,2024/10/25,2024/12/20,"202,950",
240668,1000000370,株式会社境港組,ｶ)ｻｶｲﾐﾅﾄｸﾐ,2024/10/28,2024/12/10,"335,500",
240675,1000000167,株式会社矢掛,ｶ)ﾔｶｹﾞ,2024/10/28,2024/11/29,"1,045,000",
240465,1000000368,株式会社未来ファクトリー,ｶ)ﾐﾗｲﾌｧｸﾄﾘｰ,2024/10/28,2024/12/20,"22,000",
240207,1000000213,スターリンク株式会社,ｽﾀｰﾘﾝｸ(ｶ,2024/10/28,2024/12/2,"132,000",
240233,1000000238,井原組,ｲﾊﾗｸﾞﾐ,2024/10/29,2024/11/26,"770,000",
240066,1000000373,株式会社海風,ｶ)ｳﾐｶｾﾞ,2024/10/29,2024/11/29,"24,200",
240130,1000000423,株式会社未来エクスプレス,ｶ)ﾐﾗｲｴｸｽﾌﾟﾚｽ,2024/10/29,2024/11/25,"1,265,000",
230332,1000000138,株式会社星雲,ｶ)ｾｲｳﾝ,2024/10/29,2024/11/22,"1,801,800",
230774,1000000695,岡山サポート株式会社,ｵｶﾔﾏｻﾎﾟｰﾄ(ｶ,2024/10/29,2024/11/22,"1,232,000",
240454,53101202,株式会社未来インサイト,ｶ)ﾐﾗｲｲﾝｻｲﾄ,2024/10/29,2024/11/22,"1,265,000",
240494,1000000339,有限会社和気組,ﾕ)ﾜｹｸﾞﾐ,2024/10/29,2024/11/29,"1,218,800",
240673,1000000329,株式会社青桐,ｶ)ｱｵｷﾞﾘ,2024/10/29,2024/11/20,"115,500",
240678,1000000128,フューチャー株式会社,ﾌｭｰﾁｬｰ(ｶ,2024/10/29,2024/11/20,"308,000",
240669,1000000297,株式会社緑風,ｶ)ﾘｮｸﾌｳ,2024/10/29,2024/11/29,"136,400",
240641,1000000212,スカイ株式会社,ｽｶｲ(ｶ,2024/10/29,2024/12/2,"627,000",
240615,1000000412,鳥取建設株式会社,ﾄﾂﾄﾘｹﾝｾﾂ(ｶ,2024/10/29,2024/12/2,"1,320,000",
240623,1000000423,株式会社未来エクスプレス,ｶ)ﾐﾗｲｴｸｽﾌﾟﾚｽ,2024/10/29,2024/11/25,"429,000",
240691,1000000212,スカイ株式会社,ｽｶｲ(ｶ,2024/10/29,2024/12/2,"1,210,000",
240661,1000000300,ノース株式会社,ﾉｰｽ(ｶ,2024/10/30,2024/11/20,"38,500",
240033,1000000388,北栄テクノ株式会社,ﾎｸｴｲﾃｸﾉ(ｶ,2024/10/30,2024/12/16,"132,000",
240033,1000000388,北栄テクノ株式会社,ﾎｸｴｲﾃｸﾉ(ｶ,2024/10/30,2024/12/16,"93,500",
240024,1000000428,湯梨浜清掃株式会社,ﾕﾘﾊﾏｾｲｿｳ(ｶ,2024/10/30,2024/11/11,"51,425",
240355,1000000695,岡山サポート株式会社,ｵｶﾔﾏｻﾎﾟｰﾄ(ｶ,2024/10/30,2024/11/22,"660,000",
240263,1000000087,株式会社府中組,ｶ)ﾌﾁﾕｳｸﾞﾐ,2024/10/30,2024/10/31,"297,000",
240313,1000000025,株式会社竹原組,ｶ)ﾀｹﾊﾗｸﾞﾐ,2024/10/31,2024/12/2,"1,463,000",
240322,1000000271,柳井解体有限会社,ﾔﾅｲｶｲﾀｲ(ﾕ,2024/10/31,2024/11/29,"176,000",
240333,1000000240,フレッシュ株式会社,ﾌﾚｯｼｭ(ｶ,2024/10/31,2025/2/17,"132,000",
240336,1000000656,ライト株式会社,ﾗｲﾄ(ｶ,2024/10/31,2024/11/22,"198,000",
240223,1000000083,テクニカル株式会社,ﾃｸﾆｶﾙ(ｶ,2024/10/31,2024/11/29,"5,500",
240277,1000000340,長門工業株式会社,ﾅｶﾞﾄｺｳｷﾞﾖｳ(ｶ,2024/10/31,2024/11/25,"5,500",
240190,1000000045,三原建設株式会社,ﾐﾊﾗｹﾝｾﾂ(ｶ,2024/10/31,2024/12/2,"55,000",
240096,1000000278,有限会社平生建設,ﾕ)ﾋﾗｵｹﾝｾﾂ,2024/10/31,2024/12/2,"52,800",
240128,1000000368,株式会社未来ファクトリー,ｶ)ﾐﾗｲﾌｧｸﾄﾘｰ,2024/10/31,2024/11/20,"39,600",
240155,1000000347,株式会社出雲組,ｶ)ｲｽﾞﾓｸﾞﾐ,2024/10/31,2024/11/15,"1,683,000",
240047,1000000211,株式会社西粟倉組,ｶ)ﾆｼｱﾜｸﾗｸﾞﾐ,2024/10/31,2024/11/29,"8,415",
240017,1000000092,株式会社奈義リサーチ,ｶ)ﾅｷﾞﾘｻｰﾁ,2024/10/31,2024/11/29,"27,500",
240017,1000000092,株式会社奈義リサーチ,ｶ)ﾅｷﾞﾘｻｰﾁ,2024/10/31,2024/11/29,"27,500",
240018,1000000025,株式会社竹原組,ｶ)ﾀｹﾊﾗｸﾞﾐ,2024/10/31,2024/12/2,"269,500",
240019,1000000359,早島組,ﾊﾔｼﾏｸﾞﾐ,2024/10/31,2024/12/6,"62,700",
240036,1000000330,アース株式会社,ｱｰｽ(ｶ,2024/10/31,2024/11/20,"507,100",
240040,1000000290,隠岐の島株式会社,ｵｷﾉｼﾏ(ｶ,2024/10/31,2024/11/20,"21,450",
240031,1000000034,備前組株式会社,ﾋﾞｾﾞﾝｸﾞﾐ(ｶ,2024/10/31,2024/12/2,"77,000",
240031,1000000034,備前組株式会社,ﾋﾞｾﾞﾝｸﾞﾐ(ｶ,2024/10/31,2024/12/2,"259,600",
240035,1000000181,株式会社浅口設計,ｶ)ｱｻｸﾁｾﾂｹｲ,2024/10/31,2024/11/29,"41,250",
240035,1000000181,株式会社浅口設計,ｶ)ｱｻｸﾁｾﾂｹｲ,2024/10/31,2024/11/29,"79,200",
240035,1000000181,株式会社浅口設計,ｶ)ｱｻｸﾁｾﾂｹｲ,2024/10/31,2024/11/29,"33,000",
230793,1000000694,シンプル株式会社,ｼﾝﾌﾟﾙ(ｶ,2024/10/31,2024/11/22,"271,700",
240002,1000000229,大山テック株式会社,ﾀﾞｲｾﾝﾃﾂｸ(ｶ,2024/10/31,2024/11/15,"66,000",
240002,1000000229,大山テック株式会社,ﾀﾞｲｾﾝﾃﾂｸ(ｶ,2024/10/31,2024/11/15,"45,650",
240002,1000000229,大山テック株式会社,ﾀﾞｲｾﾝﾃﾂｸ(ｶ,2024/10/31,2024/11/15,"45,650",
240002,1000000229,大山テック株式会社,ﾀﾞｲｾﾝﾃﾂｸ(ｶ,2024/10/31,2024/11/15,"184,800",
240004,1000000179,株式会社呉ボーリング,ｶ)ｸﾚﾎﾞｰﾘﾝｸﾞ,2024/10/31,2024/11/29,"65,450",
240004,1000000179,株式会社呉ボーリング,ｶ)ｸﾚﾎﾞｰﾘﾝｸﾞ,2024/10/31,2024/11/29,"57,750",
230798,1000000656,ライト株式会社,ﾗｲﾄ(ｶ,2024/10/31,2024/11/22,"463,100",
240011,1000000042,新見建設株式会社,ﾆｲﾐｹﾝｾﾂ(ｶ,2024/10/31,2024/11/29,"377,190",
240011,1000000042,新見建設株式会社,ﾆｲﾐｹﾝｾﾂ(ｶ,2024/10/31,2024/11/29,"33,000",
240670,1000000083,テクニカル株式会社,ﾃｸﾆｶﾙ(ｶ,2024/10/31,2024/11/29,"121,000",
240680,1000000025,株式会社竹原組,ｶ)ﾀｹﾊﾗｸﾞﾐ,2024/10/31,2024/12/2,"150,700",
240655,1000000495,スマート株式会社,ｽﾏｰﾄ(ｶ,2024/10/31,2024/11/29,"43,450",
240626,1000000612,オーシャン株式会社,ｵｰｼｬﾝ(ｶ,2024/10/31,2024/11/20,"45,650",
240630,1000000233,プライム株式会社,ﾌﾟﾗｲﾑ(ｶ,2024/10/31,2024/11/20,"33,000",
240604,1000000656,ライト株式会社,ﾗｲﾄ(ｶ,2024/10/31,2024/11/22,"990,000",
240498,1000000142,株式会社笠岡建設,ｶ)ｶｻｵｶｹﾝｾﾂ,2024/10/31,2024/11/25,"150,700",
240493,1000000656,ライト株式会社,ﾗｲﾄ(ｶ,2024/10/31,2024/11/22,"1,029,710",
240402,1000000285,ドリーム株式会社,ﾄﾞﾘｰﾑ(ｶ,2024/10/31,2024/11/20,"13,200",
240433,1000000756,ビジョン株式会社,ﾋﾞｼﾞｮﾝ(ｶ,2024/10/31,2024/11/8,"902,000",
240434,1000000738,ソフト株式会社,ｿﾌﾄ(ｶ,2024/10/31,2024/11/25,"891,000",
240445,1000000656,ライト株式会社,ﾗｲﾄ(ｶ,2024/10/31,2024/11/22,"165,000",
240544,1000000347,株式会社出雲組,ｶ)ｲｽﾞﾓｸﾞﾐ,2024/10/31,2024/11/15,"586,300",
240558,1000000097,赤磐建設株式会社,ｱｶｲﾜｹﾝｾﾂ(ｶ,2024/10/31,2024/11/29,"2,245,815",
240550,1000000181,株式会社浅口設計,ｶ)ｱｻｸﾁｾﾂｹｲ,2024/10/31,2024/11/29,"1,172,600",
240551,1000000181,株式会社浅口設計,ｶ)ｱｻｸﾁｾﾂｹｲ,2024/10/31,2024/11/29,"495,000",
240482,1000000416,ハーモニー株式会社,ﾊｰﾓﾆｰ(ｶ,2024/10/31,2024/11/29,"165,000",
240588,1000000181,株式会社浅口設計,ｶ)ｱｻｸﾁｾﾂｹｲ,2024/10/31,2024/11/29,"534,600",
240692,1000000248,コスモス株式会社,ｺｽﾓｽ(ｶ,2024/10/31,2024/11/29,"33,000",
240685,1000000789,株式会社未来創業,ｶ)ﾐﾗｲｿｳｷﾞｮｳ,2024/10/31,2024/11/29,"7,700,000",
240693,1000000792,株式会社光栄,ｶ)ｺｳｴｲ,2024/11/1,2024/11/29,"132,000",
240696,1000000793,株式会社青風,ｶ)ｱｵｶｾﾞ,2024/11/1,2024/11/11,"197,450",
240197,1000000147,株式会社未来工学,ｶ)ﾐﾗｲｺｳｶﾞｸ,2024/11/1,2024/11/29,"144,100",
240725,35131200,株式会社未来技研,ｶ)ﾐﾗｲｷﾞｹﾝ,2024/11/5,2024/12/27,"84,700",
240579,1000000126,株式会社未来創造,ｶ)ﾐﾗｲｿｳｿﾞｳ,2024/11/5,2024/12/5,"251,350",
240478,1000000470,株式会社海星,ｶ)ｳﾐﾎｼ,2024/11/5,2024/12/13,"187,000",
240504,33120002,兵庫県養父県土整備事務所,ﾋﾖｳｺﾞｹﾝﾔﾌﾞｹﾝﾄﾞ,2024/11/6,2024/11/27,"1,941,500",
240635,1000000122,株式会社未来テクノロジー,ｶ)ﾐﾗｲﾃｸﾉﾛｼﾞｰ,2024/11/6,2024/12/30,"1,100,000",
240697,35031217,株式会社星空研究所,ｶ)ﾎｼｿﾞﾗｹﾝｷｭｳｼﾞｮ,2024/11/6,2024/11/29,"1,232,000",
240207,1000000213,スターリンク株式会社,ｽﾀｰﾘﾝｸ(ｶ,2024/11/6,2024/12/27,"181,500",
240088,1000000137,株式会社彩雲技術,ｶ)ｻｲｳﾝｷﾞｼﾞｭﾂ,2024/11/6,2024/11/26,"33,000",
240073,1000000021,グリーン株式会社,ｸﾞﾘｰﾝ(ｶ,2024/11/6,2024/11/11,"144,650",
240033,1000000388,北栄テクノ株式会社,ﾎｸｴｲﾃｸﾉ(ｶ,2024/11/7,2024/12/16,"105,600",
240699,1000000264,株式会社田布施,ｶ)ﾀﾌﾞｾ,2024/11/7,2024/12/26,"106,700",
240706,1000000100,株式会社下関組,ｶ)ｼﾓﾉｾｷｸﾞﾐ,2024/11/7,2024/12/20,"79,200",
240639,1000000071,株式会社未来産業,ｶ)ﾐﾗｲｻﾝｷﾞｮｳ,2024/11/7,2024/12/16,"187,000",
240422,1000000154,下松株式会社,ｸﾀﾞﾏﾂ(ｶ,2024/11/8,2024/12/25,"15,950",
240695,1000000314,株式会社若桜設計事務所,ｶ)ﾜｶｻｾﾂｹｲｼﾞﾑｼﾖ,2024/11/8,2024/12/10,"187,000",
240082,1000000678,株式会社未来発展,ｶ)ﾐﾗｲﾊｯﾃﾝ,2024/11/8,2024/11/15,"5,555",
240081,1000000171,株式会社未来コミュニケーションズ,ｶ)ﾐﾗｲｺﾐｭﾆｹｰｼｮﾝｽﾞ,2024/11/11,2024/11/25,"7,700",
240694,1000000107,株式会社岩美,ｶ)ｲﾜﾐ,2024/11/11,2025/1/10,"99,000",
240422,1000000154,下松株式会社,ｸﾀﾞﾏﾂ(ｶ,2024/11/11,2024/12/25,"66,000",
240455,1000000760,株式会社光明未来,ｶ)ｺｳﾒｲﾐﾗｲ,2024/11/12,2024/12/25,"115,500",
240066,1000000373,株式会社海風,ｶ)ｳﾐｶｾﾞ,2024/11/12,2024/12/30,"24,200",
240042,1000000399,インサイト株式会社,ｲﾝｻｲﾄ(ｶ,2024/11/12,2024/12/27,"33,000",
240703,1000000012,株式会社未来革新,ｶ)ﾐﾗｲｶｸｼﾝ,2024/11/13,2024/12/26,"18,700",
240721,1000000118,株式会社小野田建築,ｶ)ｵﾉﾀﾞｹﾝﾁｸ,2024/11/14,2024/12/30,"33,000",
240534,1000000615,株式会社周南,ｶ)ｼﾕｳﾅﾝ,2024/11/14,2024/12/27,"1,793,000",
240662,1000000648,株式会社未来企画研究所,ｶ)ﾐﾗｲｷｶｸｹﾝｷｭｳｼﾞｮ,2024/11/14,2024/12/20,"79,200",
240006,1000000127,株式会社南部組,ｶ)ﾅﾝﾌﾞｸﾐ,2024/11/14,2024/12/16,"27,720",
240006,1000000127,株式会社南部組,ｶ)ﾅﾝﾌﾞｸﾐ,2024/11/14,2024/12/16,"52,800",
240006,1000000127,株式会社南部組,ｶ)ﾅﾝﾌﾞｸﾐ,2024/11/14,2024/12/16,"112,200",
240088,1000000137,株式会社彩雲技術,ｶ)ｻｲｳﾝｷﾞｼﾞｭﾂ,2024/11/14,2024/12/26,"66,000",
240360,1000000082,ライフ株式会社,ﾗｲﾌ(ｶ,2024/11/14,2024/12/20,"33,000",
240009,1000000659,米子工業株式会社,ﾖﾅｺﾞｺｳｷﾞﾖｳ(ｶ,2024/11/15,2024/12/5,"1,320",
240023,1000000181,株式会社浅口設計,ｶ)ｱｻｸﾁｾﾂｹｲ,2024/11/15,2024/12/25,"7,700",
240013,1000000380,株式会社江府テック,ｶ)ｺｳﾌﾃﾂｸ,2024/11/18,2024/12/20,"22,000",
240305,1000000116,株式会社安芸高田,ｶ)ｱｷﾀｶﾀﾞ,2024/11/18,2024/11/29,"1,524,600",
240199,1000000433,久米南建設,ｸﾒﾅﾝｹﾝｾﾂ,2024/11/18,2024/12/30,"1,026,630",
240199,1000000433,久米南建設,ｸﾒﾅﾝｹﾝｾﾂ,2024/11/18,2024/12/30,"552,200",
240104,1000000015,株式会社未来技術,ｶ)ﾐﾗｲｷﾞｼﾞｭﾂ,2024/11/18,2025/1/15,"66,000",
240679,1000000742,株式会社青空技術,ｶ)ｱｵｿﾞﾗｷﾞｼﾞｭﾂ,2024/11/18,2024/11/26,"3,300",
240422,1000000154,下松株式会社,ｸﾀﾞﾏﾂ(ｶ,2024/11/18,2024/12/25,"123,200",
240518,1000000331,株式会社熊野組,ｶ)ｸﾏﾉｸﾞﾐ,2024/11/19,2024/12/16,"1,045,000",
240065,1000000619,株式会社未来エネルギー,ｶ)ﾐﾗｲｴﾈﾙｷﾞｰ,2024/11/19,2024/11/29,"30,800",
240114,1000000357,株式会社未来設計図,ｶ)ﾐﾗｲｾｯｹｲｽﾞ,2024/11/19,2024/12/20,"16,500",
240197,1000000147,株式会社未来工学,ｶ)ﾐﾗｲｺｳｶﾞｸ,2024/11/19,2024/12/27,"63,800",
230708,1000000388,北栄テクノ株式会社,ﾎｸｴｲﾃｸﾉ(ｶ,2024/11/19,2024/12/16,"368,500",
240033,1000000388,北栄テクノ株式会社,ﾎｸｴｲﾃｸﾉ(ｶ,2024/11/19,2024/12/16,"104,500",
240045,1000000338,日吉津土建株式会社,ﾋｴﾂﾞﾄﾞｹﾝ(ｶ,2024/11/20,2024/12/16,"33,000",
240022,1000000589,雲南工事株式会社,ｳﾝﾅﾝｺｳｼﾞ(ｶ,2024/11/20,2024/12/20,"7,700",
240022,1000000589,雲南工事株式会社,ｳﾝﾅﾝｺｳｼﾞ(ｶ,2024/11/20,2024/12/20,"7,700",
240016,1000000100,株式会社下関組,ｶ)ｼﾓﾉｾｷｸﾞﾐ,2024/11/20,2024/12/20,"9,900",
240003,1000000056,アドバンスド株式会社,ｱﾄﾞﾊﾞﾝｽﾄﾞ(ｶ,2024/11/20,2024/12/16,"301,208",
240012,1000000226,廿日市建設株式会社,ﾊﾂｶｲﾁｹﾝｾﾂ(ｶ,2024/11/20,2024/12/10,"61,820",
230820,1000000464,株式会社星野テクノロジー,ｶ)ﾎｼﾉﾃｸﾉﾛｼﾞｰ,2024/11/20,2024/12/20,"385,000",
240005,1000000388,北栄テクノ株式会社,ﾎｸｴｲﾃｸﾉ(ｶ,2024/11/20,2024/12/16,"118,800",
240005,1000000388,北栄テクノ株式会社,ﾎｸｴｲﾃｸﾉ(ｶ,2024/11/20,2024/12/16,"79,200",
240181,1000000737,株式会社未来創造者,ｶ)ﾐﾗｲｿｳｿﾞｳｼｬ,2024/11/20,2024/11/29,"101,750",
240163,1000000084,有限会社津山土建,ﾕ)ﾂﾔﾏﾄﾞｹﾝ,2024/11/20,2024/12/25,"82,500",
240146,1000000387,三朝建設株式会社,ﾐｻｻｹﾝｾﾂ(ｶ,2024/11/20,2024/12/10,"132,000",
240134,1000000332,益田建設株式会社,ﾏｽﾀﾞｹﾝｾﾂ(ｶ,2024/11/20,2024/12/20,"111,100",
240134,1000000332,益田建設株式会社,ﾏｽﾀﾞｹﾝｾﾂ(ｶ,2024/11/20,2024/12/20,"52,800",
240557,1000000622,江津建設株式会社,ｺﾞｳﾂｹﾝｾﾂ(ｶ,2024/11/20,2024/12/20,"33,000",
240597,1000000044,株式会社豊穣未来,ｶ)ﾎｳｼﾞｮｳﾐﾗｲ,2024/11/20,2024/12/27,"2,376,000",
240681,1000000071,株式会社未来産業,ｶ)ﾐﾗｲｻﾝｷﾞｮｳ,2024/11/20,2024/12/16,"198,000",
240634,1000000518,ソリューションズ株式会社,ｿﾘｭｰｼｮﾝｽﾞ(ｶ,2024/11/20,2024/12/27,"50,600",
240714,1000000409,株式会社星辰未来,ｶ)ｾｲｼﾝﾐﾗｲ,2024/11/20,2024/12/16,"363,000",
240707,1000000596,株式会社緑風技術,ｶ)ﾘｮｸﾌｳｷﾞｼﾞｭﾂ,2024/11/20,2024/12/20,"97,900",
240726,53101203,株式会社未来研究所,ｶ)ﾐﾗｲｹﾝｷｭｳｼﾞｮ,2024/11/20,2024/12/4,"94,600",
240742,1000000797,株式会社未来システム技術,ｶ)ﾐﾗｲｼｽﾃﾑｷﾞｼﾞｭﾂ,2024/11/20,2024/12/30,"15,840",
240522,1000000771,株式会社笠岡建設,ｶ)ｶｻｵｶｹﾝｾﾂ,2024/11/21,2025/2/25,"4,203,100",
240022,1000000589,雲南工事株式会社,ｳﾝﾅﾝｺｳｼﾞ(ｶ,2024/11/21,2024/12/20,"15,400",
240022,1000000589,雲南工事株式会社,ｳﾝﾅﾝｺｳｼﾞ(ｶ,2024/11/21,2024/12/20,"7,700",
240022,1000000589,雲南工事株式会社,ｳﾝﾅﾝｺｳｼﾞ(ｶ,2024/11/21,2024/12/20,"7,700",
240022,1000000589,雲南工事株式会社,ｳﾝﾅﾝｺｳｼﾞ(ｶ,2024/11/21,2024/12/20,"15,400",
240304,1000000094,総社株式会社,ｿｳｼﾞﾔ(ｶ,2024/11/22,2024/11/29,"33,000",
240619,1000000213,スターリンク株式会社,ｽﾀｰﾘﾝｸ(ｶ,2024/11/22,2024/12/27,"649,000",
240744,1000000326,有限会社山口土建,ﾕ)ﾔﾏｸﾞﾁﾄﾞｹﾝ,2024/11/22,2024/12/20,"33,000",
240042,1000000399,インサイト株式会社,ｲﾝｻｲﾄ(ｶ,2024/11/25,2024/12/27,"33,000",
240389,1000000264,株式会社田布施,ｶ)ﾀﾌﾞｾ,2024/11/26,2024/12/26,"231,000",
240397,1000000695,岡山サポート株式会社,ｵｶﾔﾏｻﾎﾟｰﾄ(ｶ,2024/11/26,2024/12/24,"799,700",
240716,1000000370,株式会社境港組,ｶ)ｻｶｲﾐﾅﾄｸﾐ,2024/11/26,2025/1/10,"363,000",
240358,1000000695,岡山サポート株式会社,ｵｶﾔﾏｻﾎﾟｰﾄ(ｶ,2024/11/26,2024/12/24,"862,400",
240657,1000000176,株式会社真庭,ｶ)ﾏﾆﾜ,2024/11/27,2024/12/2,"940,500",
240686,1000000656,ライト株式会社,ﾗｲﾄ(ｶ,2024/11/27,2024/12/24,"1,433,300",
240687,1000000656,ライト株式会社,ﾗｲﾄ(ｶ,2024/11/27,2024/12/24,"1,592,800",
240724,1000000115,邑南株式会社,ｵｵﾅﾝ(ｶ,2024/11/27,2025/1/20,"176,000",
240015,1000000058,美咲株式会社,ﾐｻｷ(ｶ,2024/11/27,2024/12/30,"100,100",
230793,1000000694,シンプル株式会社,ｼﾝﾌﾟﾙ(ｶ,2024/11/27,2024/12/24,"128,700",
230775,1000000694,シンプル株式会社,ｼﾝﾌﾟﾙ(ｶ,2024/11/27,2024/12/24,"672,100",
240024,1000000428,湯梨浜清掃株式会社,ﾕﾘﾊﾏｾｲｿｳ(ｶ,2024/11/28,2024/12/10,"67,815",
240040,1000000290,隠岐の島株式会社,ｵｷﾉｼﾏ(ｶ,2024/11/28,2024/12/20,"21,450",
240033,1000000388,北栄テクノ株式会社,ﾎｸｴｲﾃｸﾉ(ｶ,2024/11/28,2025/1/15,"115,500",
240189,1000000322,株式会社青嵐技術,ｶ)ｾｲﾗﾝｷﾞｼﾞｭﾂ,2024/11/28,2025/1/6,"66,000",
240749,53101203,株式会社未来研究所,ｶ)ﾐﾗｲｹﾝｷｭｳｼﾞｮ,2024/11/28,2024/12/11,"158,400",
240614,1000000128,フューチャー株式会社,ﾌｭｰﾁｬｰ(ｶ,2024/11/28,2024/12/20,"1,606,000",
240563,1000000034,備前組株式会社,ﾋﾞｾﾞﾝｸﾞﾐ(ｶ,2024/11/29,2025/2/28,"357,500",
240187,1000000312,株式会社青空,ｶ)ｱｵｿﾞﾗ,2024/11/29,2024/10/24,"15,015",
240327,1000000074,株式会社未来開拓者,ｶ)ﾐﾗｲｶｲﾀｸｼｬ,2024/11/29,2024/12/30,"105,490",
240332,1000000430,八頭補材株式会社,ﾔｽﾞﾎｻﾞｲ(ｶ,2024/11/29,2025/1/10,"401,500",
240322,1000000271,柳井解体有限会社,ﾔﾅｲｶｲﾀｲ(ﾕ,2024/11/30,2024/12/27,"139,700",
240299,1000000288,有限会社飯南建設,ﾕ)ｲｲﾅﾝｹﾝｾﾂ,2024/11/30,2024/12/20,"27,500",
240190,1000000045,三原建設株式会社,ﾐﾊﾗｹﾝｾﾂ(ｶ,2024/11/30,2024/12/27,"64,900",
240133,1000000412,鳥取建設株式会社,ﾄﾂﾄﾘｹﾝｾﾂ(ｶ,2024/11/30,2025/1/6,"37,950",
240129,1000000286,株式会社世羅建設,ｶ)ｾﾗｹﾝｾﾂ,2024/11/30,2024/12/20,"132,000",
240147,1000000251,株式会社光明,ｶ)ｺｳﾒｲ,2024/11/30,2024/12/27,"16,500",
240047,1000000211,株式会社西粟倉組,ｶ)ﾆｼｱﾜｸﾗｸﾞﾐ,2024/11/30,2024/12/25,"22,000",
240047,1000000211,株式会社西粟倉組,ｶ)ﾆｼｱﾜｸﾗｸﾞﾐ,2024/11/30,2024/12/25,"65,450",
240036,1000000330,アース株式会社,ｱｰｽ(ｶ,2024/11/30,2024/12/20,"130,900",
240035,1000000181,株式会社浅口設計,ｶ)ｱｻｸﾁｾﾂｹｲ,2024/11/30,2024/12/25,"102,300",
240035,1000000181,株式会社浅口設計,ｶ)ｱｻｸﾁｾﾂｹｲ,2024/11/30,2024/12/25,"49,500",
240035,1000000181,株式会社浅口設計,ｶ)ｱｻｸﾁｾﾂｹｲ,2024/11/30,2024/12/25,"66,000",
240031,1000000034,備前組株式会社,ﾋﾞｾﾞﾝｸﾞﾐ(ｶ,2024/11/30,2024/12/27,"132,000",
240031,1000000034,備前組株式会社,ﾋﾞｾﾞﾝｸﾞﾐ(ｶ,2024/11/30,2024/12/27,"80,300",
230510,33117999,株式会社未来工学技術,ｶ)ﾐﾗｲｺｳｶﾞｸｷﾞｼﾞｭﾂ,2024/11/30,2024/12/13,"17,108,300",
240017,1000000092,株式会社奈義リサーチ,ｶ)ﾅｷﾞﾘｻｰﾁ,2024/11/30,2024/12/27,"5,500",
240019,1000000359,早島組,ﾊﾔｼﾏｸﾞﾐ,2024/11/30,2024/12/30,"287,100",
240018,1000000025,株式会社竹原組,ｶ)ﾀｹﾊﾗｸﾞﾐ,2024/11/30,2024/12/27,"237,600",
240018,1000000025,株式会社竹原組,ｶ)ﾀｹﾊﾗｸﾞﾐ,2024/11/30,2024/12/27,"52,800",
240002,1000000229,大山テック株式会社,ﾀﾞｲｾﾝﾃﾂｸ(ｶ,2024/11/30,2024/12/13,"167,200",
240002,1000000229,大山テック株式会社,ﾀﾞｲｾﾝﾃﾂｸ(ｶ,2024/11/30,2024/12/13,"103,400",
240002,1000000229,大山テック株式会社,ﾀﾞｲｾﾝﾃﾂｸ(ｶ,2024/11/30,2024/12/13,"231,000",
240002,1000000229,大山テック株式会社,ﾀﾞｲｾﾝﾃﾂｸ(ｶ,2024/11/30,2024/12/13,"45,650",
240002,1000000229,大山テック株式会社,ﾀﾞｲｾﾝﾃﾂｸ(ｶ,2024/11/30,2024/12/13,"145,750",
240004,1000000179,株式会社呉ボーリング,ｶ)ｸﾚﾎﾞｰﾘﾝｸﾞ,2024/11/30,2024/12/27,"33,000",
240011,1000000042,新見建設株式会社,ﾆｲﾐｹﾝｾﾂ(ｶ,2024/11/30,2024/12/26,"123,200",
240401,1000000347,株式会社出雲組,ｶ)ｲｽﾞﾓｸﾞﾐ,2024/11/30,2024/12/16,"264,000",
240401,1000000347,株式会社出雲組,ｶ)ｲｽﾞﾓｸﾞﾐ,2024/11/30,2024/12/16,"33,000",
240618,1000000347,株式会社出雲組,ｶ)ｲｽﾞﾓｸﾞﾐ,2024/11/30,2024/12/16,"165,000",
240659,1000000181,株式会社浅口設計,ｶ)ｱｻｸﾁｾﾂｹｲ,2024/11/30,2024/12/25,"800,800",
240671,1000000181,株式会社浅口設計,ｶ)ｱｻｸﾁｾﾂｹｲ,2024/11/30,2024/12/25,"771,100",
240746,1000000128,フューチャー株式会社,ﾌｭｰﾁｬｰ(ｶ,2024/11/30,2024/12/20,"52,800",
240772,1000000025,株式会社竹原組,ｶ)ﾀｹﾊﾗｸﾞﾐ,2024/11/30,2024/12/27,"825,000",
240700,1000000790,株式会社未来コミュニティ,ｶ)ﾐﾗｲｺﾐｭﾆﾃｨ,2024/11/30,2024/12/10,"1,320,000",
240688,1000000790,株式会社未来コミュニティ,ｶ)ﾐﾗｲｺﾐｭﾆﾃｨ,2024/12/2,2024/12/10,"917,400",
240733,1000000259,株式会社伯耆建築,ｶ)ﾎｳｷｹﾝﾁｸ,2024/12/2,2025/1/17,"99,000",
240033,1000000388,北栄テクノ株式会社,ﾎｸｴｲﾃｸﾉ(ｶ,2024/12/2,2025/1/15,"478,500",
240068,1000000122,株式会社未来テクノロジー,ｶ)ﾐﾗｲﾃｸﾉﾛｼﾞｰ,2024/12/4,2024/12/30,"6,578,000",
240082,1000000678,株式会社未来発展,ｶ)ﾐﾗｲﾊｯﾃﾝ,2024/12/4,2024/12/16,"5,555",
240169,1000000399,インサイト株式会社,ｲﾝｻｲﾄ(ｶ,2024/12/4,2025/1/31,"38,500",
240375,1000000417,株式会社未来エネルギーシステム,ｶ)ﾐﾗｲｴﾈﾙｷﾞｰｼｽﾃﾑ,2024/12/4,2024/12/25,"7,700",
240693,1000000792,株式会社光栄,ｶ)ｺｳｴｲ,2024/12/4,2024/12/27,"115,500",
240774,1000000381,株式会社星雲技術,ｶ)ｾｲｳﾝｷﾞｼﾞｭﾂ,2024/12/6,2024/12/20,"8,415",
240782,1000000153,知夫株式会社,ﾁﾌﾞ(ｶ,2024/12/6,2025/1/23,"66,000",
240801,1000000152,安芸太田建設,ｱｷｵｳﾀｹﾝｾﾂ,2024/12/6,2024/12/20,"8,415",
240638,1000000332,益田建設株式会社,ﾏｽﾀﾞｹﾝｾﾂ(ｶ,2024/12/6,2025/1/20,"5,500",
240473,53101390,猪名川町,ｲﾅｶﾞﾜﾁﾖｳ,2024/12/6,2025/1/9,"42,900",
240013,1000000380,株式会社江府テック,ｶ)ｺｳﾌﾃﾂｸ,2024/12/6,2025/1/20,"396,000",
240009,1000000659,米子工業株式会社,ﾖﾅｺﾞｺｳｷﾞﾖｳ(ｶ,2024/12/9,2025/1/6,"215,820",
220747,1000000198,株式会社未来ファクトリー技術,ｶ)ﾐﾗｲﾌｧｸﾄﾘｰｷﾞｼﾞｭﾂ,2024/12/9,2024/12/27,"297,000",
240309,1000000107,株式会社岩美,ｶ)ｲﾜﾐ,2024/12/9,2025/2/10,"326,700",
240617,1000000782,株式会社未来エクスプレス技術,ｶ)ﾐﾗｲｴｸｽﾌﾟﾚｽｷﾞｼﾞｭﾂ,2024/12/9,2024/12/27,"2,970,000",
240006,1000000127,株式会社南部組,ｶ)ﾅﾝﾌﾞｸﾐ,2024/12/10,2025/1/15,"74,250",
240033,1000000388,北栄テクノ株式会社,ﾎｸｴｲﾃｸﾉ(ｶ,2024/12/11,2025/1/15,"33,000",
240073,1000000021,グリーン株式会社,ｸﾞﾘｰﾝ(ｶ,2024/12/11,2025/1/10,"12,100",
240066,1000000373,株式会社海風,ｶ)ｳﾐｶｾﾞ,2024/12/11,2025/1/31,"24,200",
240606,1000000226,廿日市建設株式会社,ﾊﾂｶｲﾁｹﾝｾﾂ(ｶ,2024/12/11,2024/12/25,"528,000",
240789,1000000221,株式会社大田水機,ｶ)ｵｵﾀﾞｽｲｷ,2024/12/11,2025/1/20,"73,700",
240747,1000000798,株式会社未来インサイト技術,ｶ)ﾐﾗｲｲﾝｻｲﾄｷﾞｼﾞｭﾂ,2024/12/11,2025/1/31,"231,000",
240729,1000000796,株式会社青桐技術,ｶ)ｱｵｷﾞﾘｷﾞｼﾞｭﾂ,2024/12/11,2025/1/27,"73,700",
240704,1000000213,スターリンク株式会社,ｽﾀｰﾘﾝｸ(ｶ,2024/12/11,2025/1/31,"398,200",
240709,1000000226,廿日市建設株式会社,ﾊﾂｶｲﾁｹﾝｾﾂ(ｶ,2024/12/11,2024/12/25,"1,199,000",
240266,1000000622,江津建設株式会社,ｺﾞｳﾂｹﾝｾﾂ(ｶ,2024/12/12,2025/1/20,"74,250",
240168,1000000388,北栄テクノ株式会社,ﾎｸｴｲﾃｸﾉ(ｶ,2024/12/12,2025/2/17,"139,150",
240178,1000000434,株式会社美作,ｶ)ﾐﾏｻｶ,2024/12/13,2025/1/31,"275,000",
240788,1000000316,倉敷コンサル株式会社,ｸﾗｼｷｺﾝｻﾙ(ｶ,2024/12/13,2025/1/24,"550,000",
240793,1000000456,ドリームリンク株式会社,ﾄﾞﾘｰﾑﾘﾝｸ(ｶ,2024/12/16,2025/1/31,"1,606,000",
240800,1000000803,奥出雲リング株式会社,ｵｸｲｽﾞﾓﾘﾝｸﾞ(ｶ,2024/12/16,2025/1/20,"594,000",
240817,1000000281,グローバル株式会社,ｸﾞﾛｰﾊﾞﾙ(ｶ,2024/12/16,2025/1/14,"264,000",
240722,1000000670,株式会社奥谷組,ｶ)ｵｸﾀﾆｸﾞﾐ,2024/12/16,2025/1/15,"473,000",
240741,1000000027,津和野建材株式会社,ﾂﾜﾉｹﾝｻﾞｲ(ｶ,2024/12/16,2025/1/20,"495,000",
230729,1000000061,株式会社日野組,ｶ)ﾋﾉｸﾞﾐ,2024/12/16,2025/1/20,"2,941,620",
240038,80102000,プレミアム株式会社,ﾌﾟﾚﾐｱﾑ(ｶ,2024/12/17,2024/12/27,"117,300",
240199,1000000433,久米南建設,ｸﾒﾅﾝｹﾝｾﾂ,2024/12/17,2025/1/31,"818,070",
240199,1000000433,久米南建設,ｸﾒﾅﾝｹﾝｾﾂ,2024/12/17,2025/1/31,"607,860",
240199,1000000433,久米南建設,ｸﾒﾅﾝｹﾝｾﾂ,2024/12/17,2025/1/31,"566,500",
240203,1000000412,鳥取建設株式会社,ﾄﾂﾄﾘｹﾝｾﾂ(ｶ,2024/12/17,2025/1/31,"8,481,000",
240038,80102000,プレミアム株式会社,ﾌﾟﾚﾐｱﾑ(ｶ,2024/12/18,2024/12/27,"47,300",
240718,1000000631,イノベーションリンク株式会社,ｲﾉﾍﾞｰｼｮﾝﾘﾝｸ(ｶ,2024/12/18,2025/1/10,"193,600",
240815,1000000320,有限会社智頭設計事務所,ﾕ)ﾁﾂﾞｾﾂｹｲｼﾞﾑｼﾖ,2024/12/19,2025/1/10,"377,300",
240023,1000000181,株式会社浅口設計,ｶ)ｱｻｸﾁｾﾂｹｲ,2024/12/19,2025/1/31,"7,700",
240024,1000000428,湯梨浜清掃株式会社,ﾕﾘﾊﾏｾｲｿｳ(ｶ,2024/12/20,2025/1/10,"73,755",
240022,1000000589,雲南工事株式会社,ｳﾝﾅﾝｺｳｼﾞ(ｶ,2024/12/20,2025/1/20,"7,700",
240022,1000000589,雲南工事株式会社,ｳﾝﾅﾝｺｳｼﾞ(ｶ,2024/12/20,2025/1/20,"7,700",
240022,1000000589,雲南工事株式会社,ｳﾝﾅﾝｺｳｼﾞ(ｶ,2024/12/20,2025/1/20,"7,700",
240022,1000000589,雲南工事株式会社,ｳﾝﾅﾝｺｳｼﾞ(ｶ,2024/12/20,2025/1/20,"7,700",
240022,1000000589,雲南工事株式会社,ｳﾝﾅﾝｺｳｼﾞ(ｶ,2024/12/20,2025/1/20,"7,700",
240022,1000000589,雲南工事株式会社,ｳﾝﾅﾝｺｳｼﾞ(ｶ,2024/12/20,2025/1/20,"7,700",
240022,1000000589,雲南工事株式会社,ｳﾝﾅﾝｺｳｼﾞ(ｶ,2024/12/20,2025/1/20,"7,700",
240039,1000000022,株式会社高梁,ｶ)ﾀｶﾊｼ,2024/12/20,2025/1/31,"366,300",
240045,1000000338,日吉津土建株式会社,ﾋｴﾂﾞﾄﾞｹﾝ(ｶ,2024/12/20,2025/1/15,"26,400",
230460,1000000388,北栄テクノ株式会社,ﾎｸｴｲﾃｸﾉ(ｶ,2024/12/20,2025/1/15,"660,000",
240003,1000000056,アドバンスド株式会社,ｱﾄﾞﾊﾞﾝｽﾄﾞ(ｶ,2024/12/20,2025/1/15,"111,100",
240005,1000000388,北栄テクノ株式会社,ﾎｸｴｲﾃｸﾉ(ｶ,2024/12/20,2025/1/15,"1,870",
240005,1000000388,北栄テクノ株式会社,ﾎｸｴｲﾃｸﾉ(ｶ,2024/12/20,2025/1/15,"237,600",
240012,1000000226,廿日市建設株式会社,ﾊﾂｶｲﾁｹﾝｾﾂ(ｶ,2024/12/20,2025/2/10,"38,500",
240211,1000000168,株式会社美郷工務店,ｶ)ﾐｻﾄｺｳﾑﾃﾝ,2024/12/20,2025/1/20,"26,400",
240332,1000000430,八頭補材株式会社,ﾔｽﾞﾎｻﾞｲ(ｶ,2024/12/20,2025/2/10,"352,000",
240146,1000000387,三朝建設株式会社,ﾐｻｻｹﾝｾﾂ(ｶ,2024/12/20,2025/1/10,"132,000",
240163,1000000084,有限会社津山土建,ﾕ)ﾂﾔﾏﾄﾞｹﾝ,2024/12/20,2024/12/25,"26,400",
240159,1000000388,北栄テクノ株式会社,ﾎｸｴｲﾃｸﾉ(ｶ,2024/12/20,2025/1/15,"89,650",
240163,1000000084,有限会社津山土建,ﾕ)ﾂﾔﾏﾄﾞｹﾝ,2024/12/20,2025/1/27,"39,600",
240165,1000000051,株式会社川本,ｶ)ｶﾜﾓﾄ,2024/12/20,2025/1/20,"52,800",
240790,1000000206,株式会社吉備中央,ｶ)ｷﾋﾞﾁﾕｳｵｳ,2024/12/20,2025/1/31,"43,450",
240791,1000000802,広島太郎,ﾋﾛｼﾏﾀﾛｳ,2024/12/20,2025/1/31,"363,000",
240786,1000000388,北栄テクノ株式会社,ﾎｸｴｲﾃｸﾉ(ｶ,2024/12/20,2025/1/15,"374,000",
240698,1000000794,里庄地研,ｻﾄｼﾖｳﾁｹﾝ,2024/12/20,2025/1/31,"2,530,000",
240753,1000000425,浜田技研株式会社,ﾊﾏﾀﾞｷﾞｹﾝ(ｶ,2024/12/20,2025/1/20,"871,200",
240656,1000000784,株式会社鏡野土木,ｶ)ｶｶﾞﾐﾉﾄﾞﾎﾞｸ,2024/12/20,2025/1/31,"33,000",
240644,33117102,兵庫県豊岡県土整備事務所,ﾋﾖｳｺﾞｹﾝﾎｸﾌﾞｿｳｺﾞｳﾄﾖｵｶｹﾝﾄﾞ,2024/12/20,2025/1/14,"3,401,200",
240406,53101389,播磨町,ﾊﾘﾏﾁﾖｳ,2024/12/20,2025/1/15,"11,482,900",
240438,33117105,兵庫県北部総合事務所,ﾋﾖｳｺﾞｹﾝﾎｸﾌﾞｿｳｺﾞｳ,2024/12/20,2025/1/10,"8,792,300",
240574,1000000333,瀬戸内工業株式会社,ｾﾄｳﾁｺｳｷﾞﾖｳ(ｶ,2024/12/20,2025/1/31,"106,700",
240577,1000000393,吉賀建設株式会社,ﾖｼｶﾞｹﾝｾﾂ(ｶ,2024/12/20,2025/1/21,"132,000",
240542,1000000425,浜田技研株式会社,ﾊﾏﾀﾞｷﾞｹﾝ(ｶ,2024/12/20,2025/1/20,"224,400",
240730,1000000206,株式会社吉備中央,ｶ)ｷﾋﾞﾁﾕｳｵｳ,2024/12/22,2025/1/31,"1,496,000",
240799,70304000,スカイリンク株式会社,ｽｶｲﾘﾝｸ(ｶ,2024/12/23,2025/1/24,"42,900",
240594,33117102,兵庫県豊岡県土整備事務所,ﾋﾖｳｺﾞｹﾝﾎｸﾌﾞｿｳｺﾞｳﾄﾖｵｶｹﾝﾄﾞ,2024/12/23,2025/1/14,"3,076,700",
240657,1000000176,株式会社真庭,ｶ)ﾏﾆﾜ,2024/12/23,2024/12/30,"999,900",
240814,1000000425,浜田技研株式会社,ﾊﾏﾀﾞｷﾞｹﾝ(ｶ,2024/12/24,2025/1/20,"635,800",
240712,1000000695,岡山サポート株式会社,ｵｶﾔﾏｻﾎﾟｰﾄ(ｶ,2024/12/24,2025/1/24,"952,600",
240065,1000000619,株式会社未来エネルギー,ｶ)ﾐﾗｲｴﾈﾙｷﾞｰ,2024/12/24,2025/1/31,"30,800",
240073,1000000021,グリーン株式会社,ｸﾞﾘｰﾝ(ｶ,2024/12/24,2025/1/10,"5,500",
240355,1000000695,岡山サポート株式会社,ｵｶﾔﾏｻﾎﾟｰﾄ(ｶ,2024/12/24,2025/1/24,"264,000",
240015,1000000058,美咲株式会社,ﾐｻｷ(ｶ,2024/12/24,2025/1/31,"130,900",
240022,1000000589,雲南工事株式会社,ｳﾝﾅﾝｺｳｼﾞ(ｶ,2024/12/25,2025/2/20,"7,700",
240022,1000000589,雲南工事株式会社,ｳﾝﾅﾝｺｳｼﾞ(ｶ,2024/12/25,2025/2/20,"7,700",
240149,53101204,赤穂市下水道事業,ｱｺｳｼｹﾞｽｲﾄﾞｳｼﾞｷﾞﾖｳ,2024/12/25,2025/1/20,"9,493",
240149,53101204,赤穂市下水道事業,ｱｺｳｼｹﾞｽｲﾄﾞｳｼﾞｷﾞﾖｳ,2024/12/25,2025/1/20,"9,977",
240825,1000000729,ビジョンリンク株式会社,ﾋﾞｼﾞｮﾝﾘﾝｸ(ｶ,2024/12/25,2025/1/10,"68,860",
240805,1000000656,ライト株式会社,ﾗｲﾄ(ｶ,2024/12/26,2025/1/24,"463,100",
240771,1000000656,ライト株式会社,ﾗｲﾄ(ｶ,2024/12/26,2025/1/24,"462,000",
240829,1000000656,ライト株式会社,ﾗｲﾄ(ｶ,2024/12/26,2025/1/24,"369,160",
240831,1000000656,ライト株式会社,ﾗｲﾄ(ｶ,2024/12/26,2025/1/24,"55,000",
240838,1000000213,スターリンク株式会社,ｽﾀｰﾘﾝｸ(ｶ,2024/12/26,2025/1/31,"84,700",
240842,1000000656,ライト株式会社,ﾗｲﾄ(ｶ,2024/12/26,2025/1/24,"189,200",
240736,1000000656,ライト株式会社,ﾗｲﾄ(ｶ,2024/12/26,2025/1/24,"759,000",
240750,1000000656,ライト株式会社,ﾗｲﾄ(ｶ,2024/12/26,2025/1/24,"806,300",
240751,1000000656,ライト株式会社,ﾗｲﾄ(ｶ,2024/12/26,2025/1/24,"407,000",
240754,1000000656,ライト株式会社,ﾗｲﾄ(ｶ,2024/12/26,2025/1/24,"1,728,100",
240653,1000000656,ライト株式会社,ﾗｲﾄ(ｶ,2024/12/26,2025/1/24,"650,100",
240674,1000000167,株式会社矢掛,ｶ)ﾔｶｹﾞ,2024/12/26,2025/1/31,"440,000",
240554,1000000455,日南工業有限会社,ﾆﾁﾅﾝｺｳｷﾞｮｳ(ﾕ,2024/12/26,2025/1/20,"7,700",
240565,1000000238,井原組,ｲﾊﾗｸﾞﾐ,2024/12/26,2025/1/28,"1,727,000",
240493,1000000656,ライト株式会社,ﾗｲﾄ(ｶ,2024/12/26,2025/1/24,"293,700",
240458,1000000656,ライト株式会社,ﾗｲﾄ(ｶ,2024/12/26,2025/1/24,"398,200",
240125,1000000336,安来金属株式会社,ﾔｽｷﾞｷﾝｿﾞｸ(ｶ,2024/12/26,2025/1/20,"164,780",
240082,1000000678,株式会社未来発展,ｶ)ﾐﾗｲﾊｯﾃﾝ,2024/12/26,2025/1/15,"5,555",
240398,1000000694,シンプル株式会社,ｼﾝﾌﾟﾙ(ｶ,2024/12/26,2025/1/24,"347,600",
240040,1000000290,隠岐の島株式会社,ｵｷﾉｼﾏ(ｶ,2024/12/26,2025/1/24,"42,900",
240044,1000000036,株式会社倉吉本店,ｶ)ｸﾗﾖｼﾎﾝﾃﾝ,2024/12/26,2025/1/10,"41,030",
240031,1000000034,備前組株式会社,ﾋﾞｾﾞﾝｸﾞﾐ(ｶ,2024/12/27,2025/1/31,"264,000",
240031,1000000034,備前組株式会社,ﾋﾞｾﾞﾝｸﾞﾐ(ｶ,2024/12/27,2025/1/31,"37,950",
240031,1000000034,備前組株式会社,ﾋﾞｾﾞﾝｸﾞﾐ(ｶ,2024/12/27,2025/1/31,"33,000",
240031,1000000034,備前組株式会社,ﾋﾞｾﾞﾝｸﾞﾐ(ｶ,2024/12/27,2025/1/31,"64,900",
240031,1000000034,備前組株式会社,ﾋﾞｾﾞﾝｸﾞﾐ(ｶ,2024/12/27,2025/2/28,"77,000",
240035,1000000181,株式会社浅口設計,ｶ)ｱｻｸﾁｾﾂｹｲ,2024/12/27,2025/1/31,"36,850",
240035,1000000181,株式会社浅口設計,ｶ)ｱｻｸﾁｾﾂｹｲ,2024/12/27,2025/1/31,"77,550",
240035,1000000181,株式会社浅口設計,ｶ)ｱｻｸﾁｾﾂｹｲ,2024/12/27,2025/1/31,"112,200",
240035,1000000181,株式会社浅口設計,ｶ)ｱｻｸﾁｾﾂｹｲ,2024/12/27,2025/2/28,"8,250",
240035,1000000181,株式会社浅口設計,ｶ)ｱｻｸﾁｾﾂｹｲ,2024/12/27,2025/2/28,"94,050",
240017,1000000092,株式会社奈義リサーチ,ｶ)ﾅｷﾞﾘｻｰﾁ,2024/12/27,2025/1/31,"22,000",
240019,1000000359,早島組,ﾊﾔｼﾏｸﾞﾐ,2024/12/27,2025/1/31,"132,000",
240019,1000000359,早島組,ﾊﾔｼﾏｸﾞﾐ,2024/12/27,2025/1/31,"132,000",
240019,1000000359,早島組,ﾊﾔｼﾏｸﾞﾐ,2024/12/27,2025/2/28,"136,400",
240019,1000000359,早島組,ﾊﾔｼﾏｸﾞﾐ,2024/12/27,2025/2/28,"33,000",
240020,1000000107,株式会社岩美,ｶ)ｲﾜﾐ,2024/12/27,2025/2/10,"81,400",
240011,1000000042,新見建設株式会社,ﾆｲﾐｹﾝｾﾂ(ｶ,2024/12/27,2025/1/31,"26,400",
240011,1000000042,新見建設株式会社,ﾆｲﾐｹﾝｾﾂ(ｶ,2024/12/27,2025/1/31,"11,000",
240009,1000000659,米子工業株式会社,ﾖﾅｺﾞｺｳｷﾞﾖｳ(ｶ,2024/12/27,2025/2/5,"155,650",
240004,1000000179,株式会社呉ボーリング,ｶ)ｸﾚﾎﾞｰﾘﾝｸﾞ,2024/12/27,2025/1/31,"24,750",
240005,1000000388,北栄テクノ株式会社,ﾎｸｴｲﾃｸﾉ(ｶ,2024/12/27,2025/2/17,"66,000",
240006,1000000127,株式会社南部組,ｶ)ﾅﾝﾌﾞｸﾐ,2024/12/27,2025/2/17,"16,500",
240006,1000000127,株式会社南部組,ｶ)ﾅﾝﾌﾞｸﾐ,2024/12/27,2025/2/17,"77,000",
240006,1000000127,株式会社南部組,ｶ)ﾅﾝﾌﾞｸﾐ,2024/12/27,2025/2/17,"39,600",
240006,1000000127,株式会社南部組,ｶ)ﾅﾝﾌﾞｸﾐ,2024/12/27,2025/2/17,"26,400",
240003,1000000056,アドバンスド株式会社,ｱﾄﾞﾊﾞﾝｽﾄﾞ(ｶ,2024/12/27,2025/2/17,"7,700",
240002,1000000229,大山テック株式会社,ﾀﾞｲｾﾝﾃﾂｸ(ｶ,2024/12/27,2025/1/15,"45,650",
240002,1000000229,大山テック株式会社,ﾀﾞｲｾﾝﾃﾂｸ(ｶ,2024/12/27,2025/1/15,"45,650",
240002,1000000229,大山テック株式会社,ﾀﾞｲｾﾝﾃﾂｸ(ｶ,2024/12/27,2025/1/15,"45,650",
240002,1000000229,大山テック株式会社,ﾀﾞｲｾﾝﾃﾂｸ(ｶ,2024/12/27,2025/1/15,"45,650",
240002,1000000229,大山テック株式会社,ﾀﾞｲｾﾝﾃﾂｸ(ｶ,2024/12/27,2025/1/15,"242,550",
240002,1000000229,大山テック株式会社,ﾀﾞｲｾﾝﾃﾂｸ(ｶ,2024/12/27,2025/2/14,"7,700",
230532,1000000138,株式会社星雲,ｶ)ｾｲｳﾝ,2024/12/27,2025/1/24,"643,500",
230578,33120002,兵庫県養父県土整備事務所,ﾋﾖｳｺﾞｹﾝﾔﾌﾞｹﾝﾄﾞ,2024/12/27,2025/1/28,"19,470,000",
230738,1000000293,玉野建設株式会社,ﾀﾏﾉｹﾝｾﾂ(ｶ,2024/12/27,2025/1/27,"495,000",
230738,1000000293,玉野建設株式会社,ﾀﾏﾉｹﾝｾﾂ(ｶ,2024/12/27,2025/1/27,"605,000",
240266,1000000622,江津建設株式会社,ｺﾞｳﾂｹﾝｾﾂ(ｶ,2024/12/27,2025/2/20,"177,100",
240299,1000000288,有限会社飯南建設,ﾕ)ｲｲﾅﾝｹﾝｾﾂ,2024/12/27,2025/1/20,"27,500",
240107,1000000166,株式会社三次組,ｶ)ﾐﾖｼｸﾞﾐ,2024/12/27,2025/2/10,"132,000",
240107,1000000166,株式会社三次組,ｶ)ﾐﾖｼｸﾞﾐ,2024/12/27,2025/2/10,"252,450",
240018,1000000025,株式会社竹原組,ｶ)ﾀｹﾊﾗｸﾞﾐ,2024/12/27,2025/3/3,"13,200",
240047,1000000211,株式会社西粟倉組,ｶ)ﾆｼｱﾜｸﾗｸﾞﾐ,2024/12/27,2025/1/31,"16,500",
240047,1000000211,株式会社西粟倉組,ｶ)ﾆｼｱﾜｸﾗｸﾞﾐ,2024/12/27,2025/1/31,"547,250",
240049,1000000301,琴浦株式会社,ｺﾄｳﾗ(ｶ,2024/12/27,2025/1/13,"16,500",
240051,1000000142,株式会社笠岡建設,ｶ)ｶｻｵｶｹﾝｾﾂ,2024/12/27,2025/1/27,"13,200",
240052,1000000615,株式会社周南,ｶ)ｼﾕｳﾅﾝ,2024/12/27,2025/2/28,"132,000",
240053,1000000218,坂町株式会社,ｻｶﾁﾖｳ(ｶ,2024/12/27,2025/2/20,"44,000",
240128,1000000368,株式会社未来ファクトリー,ｶ)ﾐﾗｲﾌｧｸﾄﾘｰ,2024/12/27,,"19,250",
240128,1000000368,株式会社未来ファクトリー,ｶ)ﾐﾗｲﾌｧｸﾄﾘｰ,2024/12/27,,"33,000",
240133,1000000412,鳥取建設株式会社,ﾄﾂﾄﾘｹﾝｾﾂ(ｶ,2024/12/27,2025/1/31,"132,000",
240133,1000000412,鳥取建設株式会社,ﾄﾂﾄﾘｹﾝｾﾂ(ｶ,2024/12/27,2025/1/31,"119,350",
240135,1000000238,井原組,ｲﾊﾗｸﾞﾐ,2024/12/27,2025/1/28,"26,400",
240135,1000000238,井原組,ｲﾊﾗｸﾞﾐ,2024/12/27,2025/2/26,"66,000",
240129,1000000286,株式会社世羅建設,ｶ)ｾﾗｹﾝｾﾂ,2024/12/27,2025/2/20,"13,200",
240146,1000000387,三朝建設株式会社,ﾐｻｻｹﾝｾﾂ(ｶ,2024/12/27,2025/2/10,"26,400",
240146,1000000387,三朝建設株式会社,ﾐｻｻｹﾝｾﾂ(ｶ,2024/12/27,2025/2/10,"5,500",
240163,1000000084,有限会社津山土建,ﾕ)ﾂﾔﾏﾄﾞｹﾝ,2024/12/27,2025/2/25,"39,600",
240426,1000000342,東広島建設有限会社,ﾋｶﾞｼﾋﾛｼﾏｹﾝｾﾂ(ﾕ,2024/12/27,2025/2/10,"13,200",
240574,1000000333,瀬戸内工業株式会社,ｾﾄｳﾁｺｳｷﾞﾖｳ(ｶ,2024/12/27,2025/2/28,"526,350",
240760,1000000181,株式会社浅口設計,ｶ)ｱｻｸﾁｾﾂｹｲ,2024/12/27,2025/1/31,"602,800",
240732,1000000181,株式会社浅口設計,ｶ)ｱｻｸﾁｾﾂｹｲ,2024/12/27,2025/1/31,"689,700",
240723,1000000087,株式会社府中組,ｶ)ﾌﾁﾕｳｸﾞﾐ,2024/12/27,2025/2/3,"77,000",
240702,1000000181,株式会社浅口設計,ｶ)ｱｻｸﾁｾﾂｹｲ,2024/12/27,2025/1/31,"643,500",
240843,1000000527,上関株式会社,ｶﾐﾉｾｷ(ｶ,2024/12/27,2025/2/28,"8,800",
240828,1000000464,株式会社星野テクノロジー,ｶ)ﾎｼﾉﾃｸﾉﾛｼﾞｰ,2024/12/27,,"130,900",
240779,1000000176,株式会社真庭,ｶ)ﾏﾆﾜ,2024/12/27,2025/1/31,"27,720",
240787,1000000801,フューチャーリンク株式会社,ﾌｭｰﾁｬｰﾘﾝｸ(ｶ,2024/12/27,2025/1/31,"244,200",
240811,1000000804,エコリンク株式会社,ｴｺﾘﾝｸ(ｶ,2024/12/27,2025/3/5,"29,370",
240818,1000000294,有限会社萩建設,ﾕ)ﾊｷﾞｹﾝｾﾂ,2024/12/27,2025/2/20,"77,000",
240545,1000000347,株式会社出雲組,ｶ)ｲｽﾞﾓｸﾞﾐ,2024/12/31,2025/1/20,"490,600",
240509,1000000025,株式会社竹原組,ｶ)ﾀｹﾊﾗｸﾞﾐ,2024/12/31,2025/2/3,"3,630,000",
240257,1000000025,株式会社竹原組,ｶ)ﾀｹﾊﾗｸﾞﾐ,2024/12/31,2025/2/3,"880,000",
240018,1000000025,株式会社竹原組,ｶ)ﾀｹﾊﾗｸﾞﾐ,2024/12/31,2025/2/3,"26,400",
240816,1000000314,株式会社若桜設計事務所,ｶ)ﾜｶｻｾﾂｹｲｼﾞﾑｼﾖ,2025/1/7,2025/1/10,"187,000",
240839,1000000373,株式会社海風,ｶ)ｳﾐｶｾﾞ,2025/1/7,2025/2/28,"24,200",
240472,1000000152,安芸太田建設,ｱｷｵｳﾀｹﾝｾﾂ,2025/1/8,2025/2/20,"1,430,000",
240646,1000000191,有限会社松江組,ﾕ)ﾏﾂｴｸﾞﾐ,2025/1/8,2025/1/20,"1,276,000",
240605,1000000387,三朝建設株式会社,ﾐｻｻｹﾝｾﾂ(ｶ,2025/1/8,2025/2/10,"1,554,300",
230619,1000000045,三原建設株式会社,ﾐﾊﾗｹﾝｾﾂ(ｶ,2025/1/8,2025/2/3,"3,670,700",
230270,1000000331,株式会社熊野組,ｶ)ｸﾏﾉｸﾞﾐ,2025/1/8,2025/2/17,"390,500",
230730,1000000100,株式会社下関組,ｶ)ｼﾓﾉｾｷｸﾞﾐ,2025/1/9,2025/2/20,"3,465,000",
240558,1000000097,赤磐建設株式会社,ｱｶｲﾜｹﾝｾﾂ(ｶ,2025/1/9,2025/1/31,"1,342,000",
240422,1000000154,下松株式会社,ｸﾀﾞﾏﾂ(ｶ,2025/1/10,2025/2/25,"259,600",
240848,1000000490,テクノリンク株式会社,ﾃｸﾉﾘﾝｸ(ｶ,2025/1/10,2025/2/25,"168,300",
250003,1000000388,北栄テクノ株式会社,ﾎｸｴｲﾃｸﾉ(ｶ,2025/1/10,2025/2/17,"84,700",
240836,1000000412,鳥取建設株式会社,ﾄﾂﾄﾘｹﾝｾﾂ(ｶ,2025/1/14,2025/2/28,"198,000",
240854,1000000213,スターリンク株式会社,ｽﾀｰﾘﾝｸ(ｶ,2025/1/14,2025/2/28,"33,000",
240338,1000000333,瀬戸内工業株式会社,ｾﾄｳﾁｺｳｷﾞﾖｳ(ｶ,2025/1/14,2025/2/28,"1,817,600",
240338,1000000333,瀬戸内工業株式会社,ｾﾄｳﾁｺｳｷﾞﾖｳ(ｶ,2025/1/14,2025/3/3,"1,500,000",
240855,1000000264,株式会社田布施,ｶ)ﾀﾌﾞｾ,2025/1/15,2025/2/28,"66,000",
240841,1000000215,有限会社丸亀商事,ﾕ)ﾏﾙｶﾞﾒｼﾖｳｼﾞ,2025/1/15,2025/2/28,"86,900",
240809,53101386,福崎町,ﾌｸｻｷﾁﾖｳ,2025/1/15,2025/1/27,"244,200",
240645,1000000339,有限会社和気組,ﾕ)ﾜｹｸﾞﾐ,2025/1/15,2025/1/31,"1,501,500",
240444,53101386,福崎町,ﾌｸｻｷﾁﾖｳ,2025/1/17,2025/2/5,"4,456,100",
250002,1000000433,久米南建設,ｸﾒﾅﾝｹﾝｾﾂ,2025/1/17,2025/2/28,"578,930",
250002,1000000433,久米南建設,ｸﾒﾅﾝｹﾝｾﾂ,2025/1/17,2025/2/28,"270,600",
250003,1000000388,北栄テクノ株式会社,ﾎｸｴｲﾃｸﾉ(ｶ,2025/1/17,2025/2/17,"297,000",
250026,1000000326,有限会社山口土建,ﾕ)ﾔﾏｸﾞﾁﾄﾞｹﾝ,2025/1/17,2025/2/20,"33,000",
240715,1000000425,浜田技研株式会社,ﾊﾏﾀﾞｷﾞｹﾝ(ｶ,2025/1/18,2025/2/10,"394,900",
240835,1000000233,プライム株式会社,ﾌﾟﾗｲﾑ(ｶ,2025/1/20,2025/2/20,"197,450",
240835,1000000233,プライム株式会社,ﾌﾟﾗｲﾑ(ｶ,2025/1/20,2025/2/25,"197,450",
240826,1000000052,株式会社江田島プラン,ｶ)ｴﾀﾞｼﾏﾌﾟﾗﾝ,2025/1/20,2025/2/10,"104,500",
240821,1000000331,株式会社熊野組,ｶ)ｸﾏﾉｸﾞﾐ,2025/1/20,2025/2/17,"1,363,230",
240822,1000000388,北栄テクノ株式会社,ﾎｸｴｲﾃｸﾉ(ｶ,2025/1/20,2025/2/17,"814,000",
240823,1000000340,長門工業株式会社,ﾅｶﾞﾄｺｳｷﾞﾖｳ(ｶ,2025/1/20,2025/2/25,"264,000",
240305,1000000116,株式会社安芸高田,ｶ)ｱｷﾀｶﾀﾞ,2025/1/20,2025/2/10,"1,100,000",
240305,1000000116,株式会社安芸高田,ｶ)ｱｷﾀｶﾀﾞ,2025/1/20,2025/2/10,"1,584,000",
240159,1000000388,北栄テクノ株式会社,ﾎｸｴｲﾃｸﾉ(ｶ,2025/1/20,2025/2/17,"2,186,800",
250035,1000000094,総社株式会社,ｿｳｼﾞﾔ(ｶ,2025/1/20,2025/1/31,"33,000",
250035,1000000094,総社株式会社,ｿｳｼﾞﾔ(ｶ,2025/1/20,2025/1/31,"66,000",
250036,1000000213,スターリンク株式会社,ｽﾀｰﾘﾝｸ(ｶ,2025/1/20,2025/2/28,"33,000",
250010,1000000056,アドバンスド株式会社,ｱﾄﾞﾊﾞﾝｽﾄﾞ(ｶ,2025/1/20,2025/2/17,"81,400",
250033,1000000174,美祢建設株式会社,ﾐﾈｹﾝｾﾂ(ｶ,2025/1/20,2025/2/28,"157,300",
250034,1000000388,北栄テクノ株式会社,ﾎｸｴｲﾃｸﾉ(ｶ,2025/1/20,2025/2/17,"24,200",
250049,1000000809,防府運輸株式会社,ﾎｳﾌｳﾝﾕ(ｶ,2025/1/20,2025/2/25,"85,800",
250044,1000000020,株式会社高松,ｶ)ﾀｶﾏﾂ,2025/1/21,2025/2/28,"84,700",
250046,1000000496,北広島工業株式会社,ｷﾀﾋﾛｼﾏｺｳｷﾞﾖｳ(ｶ,2025/1/21,2025/2/20,"66,000",
250043,1000000619,株式会社未来エネルギー,ｶ)ﾐﾗｲｴﾈﾙｷﾞｰ,2025/1/21,2025/2/28,"30,800",
250023,1000000373,株式会社海風,ｶ)ｳﾐｶｾﾞ,2025/1/21,2025/2/28,"24,200",
250075,1000000097,赤磐建設株式会社,ｱｶｲﾜｹﾝｾﾂ(ｶ,2025/1/21,2025/2/28,"29,700",
240845,1000000363,庄原工業,ｼﾖｳﾊﾞﾗｺｳｷﾞﾖｳ,2025/1/23,2025/2/10,"298,100",
240857,1000000190,デジタルリンク株式会社,ﾃﾞｼﾞﾀﾙﾘﾝｸ(ｶ,2025/1/23,2025/2/28,"53,900",
240770,1000000226,廿日市建設株式会社,ﾊﾂｶｲﾁｹﾝｾﾂ(ｶ,2025/1/24,2025/2/10,"1,815,000",
250068,1000000181,株式会社浅口設計,ｶ)ｱｻｸﾁｾﾂｹｲ,2025/1/24,2025/2/28,"7,700",
250039,1000000225,株式会社海田設計,ｶ)ｶｲﾀｾﾂｹｲ,2025/1/24,2025/2/17,"73,700",
250022,1000000258,グリーンリンク株式会社,ｸﾞﾘｰﾝﾘﾝｸ(ｶ,2025/1/24,,"121,000",
250052,1000000086,株式会社尾道工務店,ｶ)ｵﾉﾐﾁｺｳﾑﾃﾝ,2025/1/28,2025/2/3,"105,600",
250070,1000000290,隠岐の島株式会社,ｵｷﾉｼﾏ(ｶ,2025/1/28,2025/2/20,"21,450",
250093,1000000293,玉野建設株式会社,ﾀﾏﾉｹﾝｾﾂ(ｶ,2025/1/28,2025/2/25,"495,000",
240783,20320002,岩国大学,ﾀﾞｲ)ｲﾜｸﾆﾀﾞｲｶﾞｸ,2025/1/28,2025/2/25,"29,535",
240827,1000000695,岡山サポート株式会社,ｵｶﾔﾏｻﾎﾟｰﾄ(ｶ,2025/1/29,2025/2/21,"550,000",
240807,1000000695,岡山サポート株式会社,ｵｶﾔﾏｻﾎﾟｰﾄ(ｶ,2025/1/29,2025/2/21,"1,191,300",
240745,1000000695,岡山サポート株式会社,ｵｶﾔﾏｻﾎﾟｰﾄ(ｶ,2025/1/29,2025/2/21,"253,000",
240710,1000000695,岡山サポート株式会社,ｵｶﾔﾏｻﾎﾟｰﾄ(ｶ,2025/1/29,2025/2/21,"355,300",
250059,1000000213,スターリンク株式会社,ｽﾀｰﾘﾝｸ(ｶ,2025/1/29,2025/2/28,"64,900",
250071,1000000399,インサイト株式会社,ｲﾝｻｲﾄ(ｶ,2025/1/29,2025/2/28,"33,000",
250062,1000000695,岡山サポート株式会社,ｵｶﾔﾏｻﾎﾟｰﾄ(ｶ,2025/1/29,2025/2/21,"270,600",
250014,1000000428,湯梨浜清掃株式会社,ﾕﾘﾊﾏｾｲｿｳ(ｶ,2025/1/29,2025/2/10,"67,815",
250036,1000000213,スターリンク株式会社,ｽﾀｰﾘﾝｸ(ｶ,2025/1/30,2025/2/28,"33,000",
250028,1000000656,ライト株式会社,ﾗｲﾄ(ｶ,2025/1/30,2025/2/21,"1,296,900",
250045,1000000656,ライト株式会社,ﾗｲﾄ(ｶ,2025/1/30,2025/2/21,"512,600",
250072,1000000118,株式会社小野田建築,ｶ)ｵﾉﾀﾞｹﾝﾁｸ,2025/1/30,2025/2/28,"33,000",
240751,1000000656,ライト株式会社,ﾗｲﾄ(ｶ,2025/1/30,2025/2/21,"264,000",
240739,1000000656,ライト株式会社,ﾗｲﾄ(ｶ,2025/1/30,2025/2/21,"343,200",
240766,1000000656,ライト株式会社,ﾗｲﾄ(ｶ,2025/1/30,2025/2/21,"476,300",
240771,1000000656,ライト株式会社,ﾗｲﾄ(ｶ,2025/1/30,2025/2/21,"393,800",
240797,1000000656,ライト株式会社,ﾗｲﾄ(ｶ,2025/1/30,2025/2/21,"419,100",
240792,1000000656,ライト株式会社,ﾗｲﾄ(ｶ,2025/1/30,2025/2/21,"422,400",
250001,1000000058,美咲株式会社,ﾐｻｷ(ｶ,2025/1/30,2025/2/28,"100,100",
240846,1000000656,ライト株式会社,ﾗｲﾄ(ｶ,2025/1/30,2025/2/21,"55,000",
240595,1000000656,ライト株式会社,ﾗｲﾄ(ｶ,2025/1/30,2025/2/21,"293,700",
240354,1000000656,ライト株式会社,ﾗｲﾄ(ｶ,2025/1/30,2025/2/21,"627,000",
230821,1000000694,シンプル株式会社,ｼﾝﾌﾟﾙ(ｶ,2025/1/30,2025/2/21,"792,000",
240346,02107102,インサイトリンク株式会社,ｲﾝｻｲﾄﾘﾝｸ(ｶ,2025/1/31,2025/3/5,"2,519,000",
240340,1000000347,株式会社出雲組,ｶ)ｲｽﾞﾓｸﾞﾐ,2025/1/31,2025/2/17,"2,288,000",
240380,53101386,福崎町,ﾌｸｻｷﾁﾖｳ,2025/1/31,2025/2/17,"15,180,000",
240319,1000000347,株式会社出雲組,ｶ)ｲｽﾞﾓｸﾞﾐ,2025/1/31,2025/2/17,"2,653,200",
240294,1000000206,株式会社吉備中央,ｶ)ｷﾋﾞﾁﾕｳｵｳ,2025/1/31,,"1,716,000",
240279,33101004,兵庫県生活環境部,ﾋﾖｳｺﾞｹﾝｾｲｶﾂｶﾝｷﾖｳ,2025/1/31,2025/3/4,"953,334",
240279,33101004,兵庫県生活環境部,ﾋﾖｳｺﾞｹﾝｾｲｶﾂｶﾝｷﾖｳ,2025/1/31,,"476,666",
240573,1000000238,井原組,ｲﾊﾗｸﾞﾐ,2025/1/31,,"990,000",
240677,1000000347,株式会社出雲組,ｶ)ｲｽﾞﾓｸﾞﾐ,2025/1/31,2025/2/17,"2,640,000",
240640,1000000412,鳥取建設株式会社,ﾄﾂﾄﾘｹﾝｾﾂ(ｶ,2025/1/31,2025/2/28,"3,751,000",
240832,1000000695,岡山サポート株式会社,ｵｶﾔﾏｻﾎﾟｰﾄ(ｶ,2025/1/31,2025/2/21,"401,500",
250004,1000000179,株式会社呉ボーリング,ｶ)ｸﾚﾎﾞｰﾘﾝｸﾞ,2025/1/31,2025/2/28,"48,950",
250005,1000000229,大山テック株式会社,ﾀﾞｲｾﾝﾃﾂｸ(ｶ,2025/1/31,2025/2/14,"45,650",
250005,1000000229,大山テック株式会社,ﾀﾞｲｾﾝﾃﾂｸ(ｶ,2025/1/31,2025/2/14,"149,050",
240812,1000000008,株式会社阿武本社,ｶ)ｱﾌﾞﾎﾝｼﾔ,2025/1/31,2025/2/28,"460,900",
240813,1000000271,柳井解体有限会社,ﾔﾅｲｶｲﾀｲ(ﾕ,2025/1/31,2025/2/28,"26,400",
240777,1000000799,株式会社善通寺システム,ｶ)ｾﾞﾝﾂｳｼﾞｼｽﾃﾑ,2025/1/31,,"671,000",
240755,1000000695,岡山サポート株式会社,ｵｶﾔﾏｻﾎﾟｰﾄ(ｶ,2025/1/31,2025/2/21,"415,800",
240759,33117105,兵庫県北部総合事務所,ﾋﾖｳｺﾞｹﾝﾎｸﾌﾞｿｳｺﾞｳ,2025/1/31,2025/2/18,"77,000",
250076,1000000383,株式会社坂出工業,ｶ)ｻｶｲﾃﾞｺｳｷﾞﾖｳ,2025/1/31,2025/2/28,"132,000",
250058,1000000808,有限会社宇部,ﾕ)ｳﾍﾞ,2025/1/31,2025/2/20,"72,600",
250085,1000000359,早島組,ﾊﾔｼﾏｸﾞﾐ,2025/1/31,2025/2/28,"13,200",
250086,1000000286,株式会社世羅建設,ｶ)ｾﾗｹﾝｾﾂ,2025/1/31,2025/2/20,"132,000",
250053,1000000154,下松株式会社,ｸﾀﾞﾏﾂ(ｶ,2025/1/31,2025/2/25,"29,150",
250054,1000000181,株式会社浅口設計,ｶ)ｱｻｸﾁｾﾂｹｲ,2025/1/31,2025/2/28,"69,300",
250038,1000000303,ダイナミックリンク株式会社,ﾀﾞｲﾅﾐｯｸﾘﾝｸ(ｶ,2025/1/31,,"312,400",
250042,1000000617,エンライトンリンク株式会社,ｴﾝﾗｲﾄﾝﾘﾝｸ(ｶ,2025/1/31,,"3,300",
250027,1000000314,株式会社若桜設計事務所,ｶ)ﾜｶｻｾﾂｹｲｼﾞﾑｼﾖ,2025/1/31,2025/3/5,"821,700",
250018,1000000034,備前組株式会社,ﾋﾞｾﾞﾝｸﾞﾐ(ｶ,2025/1/31,2025/2/28,"52,800",
250019,1000000238,井原組,ｲﾊﾗｸﾞﾐ,2025/1/31,2025/2/26,"27,500",
250020,1000000414,有限会社光,ﾕ)ﾋｶﾘ,2025/1/31,2025/2/25,"132,000",
250021,1000000278,有限会社平生建設,ﾕ)ﾋﾗｵｹﾝｾﾂ,2025/1/31,2025/2/28,"132,000",
250017,1000000042,新見建設株式会社,ﾆｲﾐｹﾝｾﾂ(ｶ,2025/1/31,2025/2/28,"52,800",
250006,1000000025,株式会社竹原組,ｶ)ﾀｹﾊﾗｸﾞﾐ,2025/1/31,2025/3/3,"26,400",
250006,1000000025,株式会社竹原組,ｶ)ﾀｹﾊﾗｸﾞﾐ,2025/1/31,2025/3/3,"51,150",
250079,1000000021,グリーン株式会社,ｸﾞﾘｰﾝ(ｶ,2025/2/4,,"6,600",
250084,1000000678,株式会社未来発展,ｶ)ﾐﾗｲﾊｯﾃﾝ,2025/2/5,2025/2/17,"5,555",
250069,1000000250,ソリューションズリンク株式会社,ｿﾘｭｰｼｮﾝｽﾞﾘﾝｸ(ｶ,2025/2/5,,"51,700",
240778,1000000799,株式会社善通寺システム,ｶ)ｾﾞﾝﾂｳｼﾞｼｽﾃﾑ,2025/2/5,2025/2/28,"809,600",
250005,1000000229,大山テック株式会社,ﾀﾞｲｾﾝﾃﾂｸ(ｶ,2025/2/5,2025/2/14,"26,950",
250091,1000000121,アドバンスドリンク株式会社,ｱﾄﾞﾊﾞﾝｽﾄﾞﾘﾝｸ(ｶ,2025/2/6,,"74,800",
250101,1000000391,イージスリンク株式会社,ｲｰｼﾞｽﾘﾝｸ(ｶ,2025/2/10,2025/2/28,"33,000",
250005,1000000229,大山テック株式会社,ﾀﾞｲｾﾝﾃﾂｸ(ｶ,2025/2/10,2025/2/28,"132,000",
240758,33117102,兵庫県豊岡県土整備事務所,ﾋﾖｳｺﾞｹﾝﾎｸﾌﾞｿｳｺﾞｳﾄﾖｵｶｹﾝﾄﾞ,2025/2/12,2025/2/25,"3,938,000",
250105,1000000240,フレッシュ株式会社,ﾌﾚｯｼｭ(ｶ,2025/2/12,,"99,000",
250108,1000000080,ライフリンク株式会社,ﾗｲﾌﾘﾝｸ(ｶ,2025/2/12,,"165,000",
250047,1000000213,スターリンク株式会社,ｽﾀｰﾘﾝｸ(ｶ,2025/2/12,,"477,400",
250037,1000000036,株式会社倉吉本店,ｶ)ｸﾗﾖｼﾎﾝﾃﾝ,2025/2/13,2025/2/28,"21,175",
250056,1000000127,株式会社南部組,ｶ)ﾅﾝﾌﾞｸﾐ,2025/2/15,,"52,800",
250094,1000000226,廿日市建設株式会社,ﾊﾂｶｲﾁｹﾝｾﾂ(ｶ,2025/2/17,,"1,210,000",
250090,1000000333,瀬戸内工業株式会社,ｾﾄｳﾁｺｳｷﾞﾖｳ(ｶ,2025/2/18,,"839,300",
250003,1000000388,北栄テクノ株式会社,ﾎｸｴｲﾃｸﾉ(ｶ,2025/2/18,,"33,000",
250112,1000000118,株式会社小野田建築,ｶ)ｵﾉﾀﾞｹﾝﾁｸ,2025/2/19,,"33,000",
240730,1000000206,株式会社吉備中央,ｶ)ｷﾋﾞﾁﾕｳｵｳ,2025/2/19,,"912,670",
250002,1000000433,久米南建設,ｸﾒﾅﾝｹﾝｾﾂ,2025/2/19,2025/3/31,"692,560",
250002,1000000433,久米南建設,ｸﾒﾅﾝｹﾝｾﾂ,2025/2/19,2025/3/31,"449,900",
240810,1000000388,北栄テクノ株式会社,ﾎｸｴｲﾃｸﾉ(ｶ,2025/2/20,2025/3/17,"1,320,000",
240240,53101386,福崎町,ﾌｸｻｷﾁﾖｳ,2025/2/20,,"1,727,000",
250127,1000000690,スカイ株式会社リンク,ｽｶｲ(ｶﾘﾝｸ,2025/2/20,,"66,000",
250128,1000000814,ノースリンク株式会社,ﾉｰｽﾘﾝｸ(ｶ,2025/2/20,,"46,640",
250098,1000000152,安芸太田建設,ｱｷｵｳﾀｹﾝｾﾂ,2025/2/20,,"26,400",
250060,1000000622,江津建設株式会社,ｺﾞｳﾂｹﾝｾﾂ(ｶ,2025/2/20,,"26,400",
250073,1000000408,フレッシュリンク株式会社,ﾌﾚｯｼｭﾘﾝｸ(ｶ,2025/2/20,,"129,800",
250074,1000000380,株式会社江府テック,ｶ)ｺｳﾌﾃﾂｸ,2025/2/20,,"59,400",
250015,1000000333,瀬戸内工業株式会社,ｾﾄｳﾁｺｳｷﾞﾖｳ(ｶ,2025/2/20,,"132,000",
250016,1000000061,株式会社日野組,ｶ)ﾋﾉｸﾞﾐ,2025/2/20,,"196,900",
250010,1000000056,アドバンスド株式会社,ｱﾄﾞﾊﾞﾝｽﾄﾞ(ｶ,2025/2/20,,"35,200",
250011,1000000166,株式会社三次組,ｶ)ﾐﾖｼｸﾞﾐ,2025/2/20,,"63,250",
250011,1000000166,株式会社三次組,ｶ)ﾐﾖｼｸﾞﾐ,2025/2/20,,"22,000",
250012,1000000004,ライトリンク株式会社,ﾗｲﾄﾘﾝｸ(ｶ,2025/2/20,,"65,450",
250013,1000000100,株式会社下関組,ｶ)ｼﾓﾉｾｷｸﾞﾐ,2025/2/20,,"191,400",
250034,1000000388,北栄テクノ株式会社,ﾎｸｴｲﾃｸﾉ(ｶ,2025/2/20,,"92,400",
250063,1000000387,三朝建設株式会社,ﾐｻｻｹﾝｾﾂ(ｶ,2025/2/20,,"248,600",
250063,1000000387,三朝建設株式会社,ﾐｻｻｹﾝｾﾂ(ｶ,2025/2/20,,"132,000",
250064,1000000338,日吉津土建株式会社,ﾋｴﾂﾞﾄﾞｹﾝ(ｶ,2025/2/20,,"16,500",
250064,1000000338,日吉津土建株式会社,ﾋｴﾂﾞﾄﾞｹﾝ(ｶ,2025/2/20,,"3,300",
250065,1000000518,ソリューションズ株式会社,ｿﾘｭｰｼｮﾝｽﾞ(ｶ,2025/2/20,,"11,000",
250066,1000000450,テクニカルリンク株式会社,ﾃｸﾆｶﾙﾘﾝｸ(ｶ,2025/2/20,,"43,450",
250067,1000000703,雲南株式会社,ｳﾝﾅﾝ(ｶ,2025/2/20,,"15,400",
250067,1000000703,雲南株式会社,ｳﾝﾅﾝ(ｶ,2025/2/20,,"8,800",
250067,1000000703,雲南株式会社,ｳﾝﾅﾝ(ｶ,2025/2/20,,"7,700",
250067,1000000703,雲南株式会社,ｳﾝﾅﾝ(ｶ,2025/2/20,,"7,700",
250067,1000000703,雲南株式会社,ｳﾝﾅﾝ(ｶ,2025/2/20,,"8,800",
250067,1000000703,雲南株式会社,ｳﾝﾅﾝ(ｶ,2025/2/20,,"7,700",
250067,1000000703,雲南株式会社,ｳﾝﾅﾝ(ｶ,2025/2/20,,"7,700",
250067,1000000703,雲南株式会社,ｳﾝﾅﾝ(ｶ,2025/2/20,,"7,700",
250067,1000000703,雲南株式会社,ｳﾝﾅﾝ(ｶ,2025/2/20,,"7,700",
250067,1000000703,雲南株式会社,ｳﾝﾅﾝ(ｶ,2025/2/20,,"7,700",
250067,1000000703,雲南株式会社,ｳﾝﾅﾝ(ｶ,2025/2/20,,"7,700",
250067,1000000703,雲南株式会社,ｳﾝﾅﾝ(ｶ,2025/2/20,,"7,700",
250096,1000000813,アースリンク株式会社,ｱｰｽﾘﾝｸ(ｶ,2025/2/21,,"145,200",
250104,1000000056,アドバンスド株式会社,ｱﾄﾞﾊﾞﾝｽﾄﾞ(ｶ,2025/2/21,,"38,500",
240448,1000000009,シンプルリンク株式会社,ｼﾝﾌﾟﾙﾘﾝｸ(ｶ,2025/2/21,,"1,463,000",
240414,53101202,株式会社未来インサイト,ｶ)ﾐﾗｲｲﾝｻｲﾄ,2025/2/21,,"15,363,700",
240571,33101004,兵庫県生活環境部,ﾋﾖｳｺﾞｹﾝｾｲｶﾂｶﾝｷﾖｳ,2025/2/24,,"6,490,000",
240770,1000000226,廿日市建設株式会社,ﾊﾂｶｲﾁｹﾝｾﾂ(ｶ,2025/2/25,,"1,980,000",
240342,1000000195,スマートリンク株式会社,ｽﾏｰﾄﾘﾝｸ(ｶ,2025/2/25,,"797,500",
250106,1000000139,オーシャンリンク株式会社,ｵｰｼｬﾝﾘﾝｸ(ｶ,2025/2/25,,"8,250",
250088,53101204,赤穂市下水道事業,ｱｺｳｼｹﾞｽｲﾄﾞｳｼﾞｷﾞﾖｳ,2025/2/25,,"9,493",
250088,53101204,赤穂市下水道事業,ｱｺｳｼｹﾞｽｲﾄﾞｳｼﾞｷﾞﾖｳ,2025/2/25,,"9,493",
250088,53101204,赤穂市下水道事業,ｱｺｳｼｹﾞｽｲﾄﾞｳｼﾞｷﾞﾖｳ,2025/2/25,,"9,493",
250120,1000000154,下松株式会社,ｸﾀﾞﾏﾂ(ｶ,2025/2/25,,"47,300",
250043,1000000619,株式会社未来エネルギー,ｶ)ﾐﾗｲｴﾈﾙｷﾞｰ,2025/2/25,,"30,800",
250014,1000000428,湯梨浜清掃株式会社,ﾕﾘﾊﾏｾｲｿｳ(ｶ,2025/2/26,,"51,425",
250070,1000000290,隠岐の島株式会社,ｵｷﾉｼﾏ(ｶ,2025/2/26,,"21,450",
240727,1000000118,株式会社小野田建築,ｶ)ｵﾉﾀﾞｹﾝﾁｸ,2025/2/26,,"165,000",
240837,53101386,福崎町,ﾌｸｻｷﾁﾖｳ,2025/2/26,,"2,365,000",
240453,33117102,兵庫県豊岡県土整備事務所,ﾋﾖｳｺﾞｹﾝﾎｸﾌﾞｿｳｺﾞｳﾄﾖｵｶｹﾝﾄﾞ,2025/2/26,2025/3/7,"7,315,000",
240853,1000000148,プライムリンク株式会社,ﾌﾟﾗｲﾑﾘﾝｸ(ｶ,2025/2/27,,"440,000",
250001,1000000058,美咲株式会社,ﾐｻｷ(ｶ,2025/2/27,,"100,100",
250122,1000000128,フューチャー株式会社,ﾌｭｰﾁｬｰ(ｶ,2025/2/27,,"242,000",
250115,1000000656,ライト株式会社,ﾗｲﾄ(ｶ,2025/2/28,2025/3/24,"464,200",
250148,1000000808,有限会社宇部,ﾕ)ｳﾍﾞ,2025/2/28,,"13,200",
250077,1000000059,ソフトリンク株式会社,ｿﾌﾄﾘﾝｸ(ｶ,2025/2/28,,"114,400",
250080,1000000656,ライト株式会社,ﾗｲﾄ(ｶ,2025/2/28,2025/3/24,"1,180,300",
250082,1000000347,株式会社出雲組,ｶ)ｲｽﾞﾓｸﾞﾐ,2025/2/28,,"418,000",
250061,1000000695,岡山サポート株式会社,ｵｶﾔﾏｻﾎﾟｰﾄ(ｶ,2025/2/28,2025/3/24,"235,400",
250086,1000000286,株式会社世羅建設,ｶ)ｾﾗｹﾝｾﾂ,2025/2/28,,"26,400",
250086,1000000286,株式会社世羅建設,ｶ)ｾﾗｹﾝｾﾂ,2025/2/28,,"39,600",
250087,1000000340,長門工業株式会社,ﾅｶﾞﾄｺｳｷﾞﾖｳ(ｶ,2025/2/28,,"82,170",
250107,1000000092,株式会社奈義リサーチ,ｶ)ﾅｷﾞﾘｻｰﾁ,2025/2/28,,"8,250",
250110,1000000074,株式会社未来開拓者,ｶ)ﾐﾗｲｶｲﾀｸｼｬ,2025/2/28,,"22,000",
250017,1000000042,新見建設株式会社,ﾆｲﾐｹﾝｾﾂ(ｶ,2025/2/28,,"24,200",
250008,1000000211,株式会社西粟倉組,ｶ)ﾆｼｱﾜｸﾗｸﾞﾐ,2025/2/28,,"52,800",
250008,1000000211,株式会社西粟倉組,ｶ)ﾆｼｱﾜｸﾗｸﾞﾐ,2025/2/28,,"57,750",
250029,1000000181,株式会社浅口設計,ｶ)ｱｻｸﾁｾﾂｹｲ,2025/2/28,,"337,700",
250030,1000000181,株式会社浅口設計,ｶ)ｱｻｸﾁｾﾂｹｲ,2025/2/28,,"1,670,900",
250031,1000000181,株式会社浅口設計,ｶ)ｱｻｸﾁｾﾂｹｲ,2025/2/28,,"999,900",
250032,1000000181,株式会社浅口設計,ｶ)ｱｻｸﾁｾﾂｹｲ,2025/2/28,,"1,276,000",
250018,1000000034,備前組株式会社,ﾋﾞｾﾞﾝｸﾞﾐ(ｶ,2025/2/28,,"157,465",
250025,1000000117,ハーモニーリンク株式会社,ﾊｰﾓﾆｰﾘﾝｸ(ｶ,2025/2/28,,"550,000",
250005,1000000229,大山テック株式会社,ﾀﾞｲｾﾝﾃﾂｸ(ｶ,2025/2/28,,"45,650",
250005,1000000229,大山テック株式会社,ﾀﾞｲｾﾝﾃﾂｸ(ｶ,2025/2/28,,"37,950",
250005,1000000229,大山テック株式会社,ﾀﾞｲｾﾝﾃﾂｸ(ｶ,2025/2/28,,"45,650",
250005,1000000229,大山テック株式会社,ﾀﾞｲｾﾝﾃﾂｸ(ｶ,2025/2/28,,"37,950",
250005,1000000229,大山テック株式会社,ﾀﾞｲｾﾝﾃﾂｸ(ｶ,2025/2/28,,"45,650",
250005,1000000229,大山テック株式会社,ﾀﾞｲｾﾝﾃﾂｸ(ｶ,2025/2/28,,"158,950",
250006,1000000025,株式会社竹原組,ｶ)ﾀｹﾊﾗｸﾞﾐ,2025/2/28,2025/4/1,"345,400",
240852,1000000656,ライト株式会社,ﾗｲﾄ(ｶ,2025/2/28,2025/3/24,"420,200",
240798,1000000656,ライト株式会社,ﾗｲﾄ(ｶ,2025/2/28,2025/3/24,"473,000",
240739,1000000656,ライト株式会社,ﾗｲﾄ(ｶ,2025/2/28,2025/3/24,"499,400",
240764,1000000695,岡山サポート株式会社,ｵｶﾔﾏｻﾎﾟｰﾄ(ｶ,2025/2/28,,"641,300",
240713,1000000695,岡山サポート株式会社,ｵｶﾔﾏｻﾎﾟｰﾄ(ｶ,2025/2/28,2025/3/24,"202,400",
240690,1000000034,備前組株式会社,ﾋﾞｾﾞﾝｸﾞﾐ(ｶ,2025/2/28,,"1,461,900",
240456,1000000025,株式会社竹原組,ｶ)ﾀｹﾊﾗｸﾞﾐ,2025/2/28,,"4,190,890",
240436,53101202,株式会社未来インサイト,ｶ)ﾐﾗｲｲﾝｻｲﾄ,2025/2/28,,"9,045,300",
240664,33117102,兵庫県豊岡県土整備事務所,ﾋﾖｳｺﾞｹﾝﾎｸﾌﾞｿｳｺﾞｳﾄﾖｵｶｹﾝﾄﾞ,2025/2/28,,"6,449,300",
240213,1000000128,フューチャー株式会社,ﾌｭｰﾁｬｰ(ｶ,2025/2/28,,"1,140,700",
